Name,Team,Number of Inj,inj22,Freq Inj,inj days 20-21,inj days 19-20,inj days 18-19,Sus days 22,sus days 20-21,sus days 19-20,sus days 18-19,Career Suspension days,Career INJ days,Suspended,Knock,Hamstring,Ankle/Foot Injury,Knee Injury,Thigh Muscle Strain,Groin/Pelvis Injury,Illness,Virus,Calf/Shin Injury,Groin Strain,Back Injury,Hip/Thigh Injury,Calf Muscle Strain,Thigh Muscle Rupture,Shoulder Injury,Head Injury,Foot Injury,ACL Knee Ligament Injury,Ankle Ligaments,MCL Knee Ligament Injury,Concussion,Sprained Ankle,Rib Injury,Toe Injury,Achilles tendonitis,Thumb / Wrist Injury
Aaron Connolly,Brighton & Hov…,6,21,Thigh Muscle Rupture,97,13,0,0,0,0,0,0,131,0,0,0,1,0,1,0,0,0,1,1,0,0,0,2,0,0,0,0,0,0,0,0,0,0,0,0
Aaron Cresswell,West Ham United,26,6,Knock,33,35,87,0,0,0,0,29,365,2,7,3,1,2,2,2,0,0,1,1,3,0,0,0,0,1,1,0,0,1,0,0,0,0,0,0
Aaron Lennon,Burnley,21,19,Hamstring,0,19,175,0,0,0,0,0,721,0,3,5,1,1,1,0,3,0,0,2,1,0,0,0,0,0,0,0,0,0,0,0,0,0,0,0
Aaron Ramsdale,Arsenal,2,0,Knock,0,11,0,0,0,0,0,0,11,0,1,0,0,0,0,0,0,1,0,0,0,0,0,0,0,0,0,0,0,0,0,0,0,0,0,0
Aaron Wan Bissaka,Manchester United,9,5,Knock,10,39,43,0,0,0,11,11,97,2,3,1,1,0,0,0,0,0,0,0,2,0,0,0,1,0,0,0,0,0,0,0,0,0,0,0
Abdoulaye Doucouré,Everton,6,39,Ankle/Foot Injury,57,0,26,0,15,4,0,25,357,3,1,0,2,1,0,0,0,0,0,0,0,0,0,0,1,0,0,0,0,1,0,0,0,0,0,0
Adam Armstrong,Southampton,1,0,Calf Muscle Strain,0,0,0,0,0,0,0,0,29,0,0,0,0,0,0,0,0,0,0,0,0,0,1,0,0,0,0,0,0,0,0,0,0,0,0,0
Adam Forshaw,Leeds United,4,46,Knock,44,0,0,0,0,0,0,10,366,2,2,0,0,0,0,1,0,0,0,0,0,0,1,0,0,0,0,0,0,0,0,0,0,0,0,0
Adam Idah,Norwich City,1,0,Back Injury,0,34,0,0,0,0,0,0,34,0,0,0,0,0,0,0,0,0,0,0,1,0,0,0,0,0,0,0,0,0,0,0,0,0,0,0
Adam Lallana,Brighton & Hov…,26,11,Groin Strain,67,0,144,0,0,0,0,0,650,0,7,0,0,2,3,1,0,0,1,8,0,0,1,2,0,0,0,0,0,0,0,0,0,0,1,0
Adam Masina,Watford,4,1,Knock,0,13,0,0,0,0,0,0,98,0,2,0,0,1,1,0,0,0,0,0,0,0,0,0,0,0,0,0,0,0,0,0,0,0,0,0
Adam Webster,Brighton & Hov…,7,55,Groin/Pelvis Injury,64,30,0,0,0,0,0,5,149,2,0,0,1,0,1,2,0,0,1,0,0,0,0,1,0,0,0,0,1,0,0,0,0,0,0,0
Adama Traoré,Wolverhampton …,11,0,Ankle/Foot Injury,5,30,2,0,0,0,0,118,185,6,2,2,3,0,0,0,0,0,0,0,0,0,0,0,3,0,0,0,0,0,0,0,0,0,0,0
Ademola Lookman,Leicester City,8,16,Ankle/Foot Injury,9,13,47,0,0,0,0,0,181,0,1,0,1,1,1,1,1,0,0,1,1,0,0,0,0,0,0,0,0,0,0,0,0,0,0,0
Adrián San Miguel del Castillo,Liverpool,3,0,Ankle/Foot Injury,0,1,0,0,0,0,0,35,71,2,0,0,1,0,0,0,0,0,1,0,0,0,1,0,0,0,0,0,0,0,0,0,0,0,0,0
Ainsley Maitland Niles,Arsenal,8,4,Knock,11,0,100,0,0,2,7,9,139,2,2,0,0,1,0,0,3,1,0,0,0,0,0,0,0,0,0,0,0,0,0,0,0,0,0,0
Albert Sambi Lokonga,Arsenal,1,9,Virus,0,0,0,0,0,7,0,7,9,1,0,0,0,0,0,0,0,1,0,0,0,0,0,0,0,0,0,0,0,0,0,0,0,0,0,0
Alex Iwobi,Everton,9,21,Thigh Muscle Strain,0,40,25,0,0,0,0,0,138,0,1,0,1,0,5,1,1,0,0,0,0,0,0,0,0,0,0,0,0,0,0,0,0,0,0,0
Alex Král,West Ham United,1,14,Virus,0,0,0,0,0,0,0,0,14,0,0,0,0,0,0,0,0,1,0,0,0,0,0,0,0,0,0,0,0,0,0,0,0,0,0,0
Alex McCarthy,Southampton,8,0,Hamstring,16,9,52,0,0,0,0,0,528,0,2,2,0,0,1,0,0,1,1,0,0,0,0,0,1,0,0,0,0,0,0,0,0,0,0,0
Alex Oxlade Chamberlain,Liverpool,20,0,Hamstring,121,21,5,0,0,0,0,0,1001,0,4,5,2,5,0,1,0,0,0,1,0,1,0,0,0,0,0,0,0,1,0,0,0,0,0,0
Alex Telles,Manchester United,2,0,Ankle/Foot Injury,26,0,0,0,0,0,0,0,90,0,0,0,1,0,0,0,0,1,0,0,0,0,0,0,0,0,0,0,0,0,0,0,0,0,0,0
Alexandre Lacazette,Arsenal,14,0,Hamstring,20,48,19,0,0,0,0,28,274,5,0,4,1,1,2,1,0,0,0,1,1,2,0,0,0,1,0,0,0,0,0,0,0,0,0,0
Alexis Mac Allister,Brighton & Hov…,3,2,Back Injury,38,0,0,0,0,0,0,0,40,0,0,0,0,0,0,0,0,1,0,0,2,0,0,0,0,0,0,0,0,0,0,0,0,0,0,0
Alisson,Liverpool,5,0,Calf Muscle Strain,39,146,0,0,0,4,0,4,185,1,1,1,0,0,0,0,0,0,0,0,0,1,1,0,1,0,0,0,0,0,0,0,0,0,0,0
Allan,Everton,4,11,Groin/Pelvis Injury,72,0,0,0,0,0,0,0,83,0,0,0,0,0,2,2,0,0,0,0,0,0,0,0,0,0,0,0,0,0,0,0,0,0,0,0
Allan Saint Maximin,Newcastle United,24,0,Thigh Muscle Strain,112,89,33,0,0,0,0,7,368,1,2,2,3,0,6,1,1,0,4,0,2,0,0,0,0,0,0,0,0,0,0,0,0,0,0,0
Alphonse Areola,West Ham United,5,0,Abdominal Strain,0,0,15,0,0,0,0,0,72,0,0,0,1,1,0,0,0,0,0,0,1,0,0,0,0,0,0,0,0,0,0,0,0,0,0,0
Amad Diallo Traoré,Manchester United,1,47,Thigh Muscle Strain,0,0,0,0,0,0,0,0,47,0,0,0,0,0,1,0,0,0,0,0,0,0,0,0,0,0,0,0,0,0,0,0,0,0,0,0
Andreas Christensen,Chelsea,18,3,Knock,20,39,15,0,0,0,0,0,109,0,5,4,0,1,0,2,1,0,0,0,2,0,0,1,0,2,0,0,0,0,0,0,0,0,0,0
Andrew Omobamidele,Norwich City,2,7,Back Injury,0,0,0,0,0,0,0,0,29,0,1,0,0,0,0,0,0,0,0,0,1,0,0,0,0,0,0,0,0,0,0,0,0,0,0,0
Andrew Robertson,Liverpool,14,21,Ankle/Foot Injury,4,11,8,17,0,0,0,23,135,3,3,2,3,0,1,0,0,0,1,0,0,0,2,0,0,0,0,0,1,0,0,0,0,0,0,0
Andriy Yarmolenko,West Ham United,6,9,Achilles tendonitis,89,77,222,0,0,0,0,0,397,0,1,1,0,1,0,0,0,1,0,0,1,0,0,0,0,0,0,0,0,0,0,0,0,0,1,0
Andros Townsend,Everton,16,0,Ankle/Foot Injury,0,65,0,0,0,0,0,0,333,0,3,3,4,0,0,1,0,0,0,0,0,0,0,0,1,0,0,0,1,0,0,0,0,0,2,0
André Gomes,Everton,20,72,Hamstring,36,163,95,0,0,0,20,139,506,5,4,6,1,2,1,0,1,1,1,0,0,1,0,0,0,0,0,0,0,0,0,0,1,0,0,0
Angelo Ogbonna,West Ham United,12,12,Knee Injury,91,12,0,0,0,0,0,0,316,0,0,1,1,4,0,1,2,0,0,0,0,1,0,0,0,1,0,0,0,0,0,0,0,0,0,0
Anthony Martial,Manchester United,24,13,Knock,10,60,69,0,28,0,0,28,399,1,7,3,2,3,3,0,1,0,1,1,0,1,0,0,0,1,0,0,0,0,0,1,0,0,0,0
Antonio Rüdiger,Chelsea,10,8,Knee Injury,6,110,60,0,0,0,0,0,214,0,2,0,0,3,0,2,0,0,0,1,1,0,0,0,0,0,0,0,0,0,0,0,0,0,0,0
Anwar El Ghazi,Aston Villa,9,13,Groin Strain,0,9,0,0,0,0,0,7,99,1,0,0,1,1,1,0,1,1,0,2,0,0,0,0,0,0,0,0,1,0,0,0,0,0,1,0
Armando Broja,Southampton,2,7,Ankle Fracture,0,0,0,0,0,0,0,0,7,0,1,0,0,0,0,0,0,0,0,0,0,0,0,0,0,0,0,0,0,0,0,0,0,0,0,0
Arthur Masuaku,West Ham United,12,0,Knee Injury,119,24,40,0,0,6,0,56,534,3,1,0,3,7,1,0,0,0,0,0,0,0,0,0,0,0,0,0,0,0,0,0,0,0,0,0
Ashley Barnes,Burnley,9,0,Groin/Pelvis Injury,73,28,0,0,0,0,0,75,525,4,2,1,0,0,0,4,0,0,0,0,0,0,0,1,1,0,0,0,0,0,0,0,0,0,0,0
Ashley Westwood,Burnley,11,13,Groin/Pelvis Injury,12,24,5,12,0,7,0,29,142,4,1,1,1,0,1,2,1,0,0,0,0,0,1,0,0,1,0,0,0,1,0,0,0,1,0,0
Ashley Young,Aston Villa,22,10,Ankle/Foot Injury,0,0,5,0,0,8,15,40,643,6,5,2,5,3,0,2,0,0,0,1,0,0,1,0,1,0,0,0,0,0,0,0,0,1,0,1
Asmir Begović,Everton,5,0,Ankle/Foot Injury,0,0,13,0,0,0,0,0,84,0,1,0,1,1,0,0,0,0,0,0,0,0,0,0,0,0,0,0,0,0,0,0,0,0,0,1
Axel Tuanzebe,Aston Villa,4,9,Ankle/Foot Injury,0,110,0,0,0,0,0,0,242,0,1,0,1,0,1,1,0,0,0,0,0,0,0,0,0,0,0,0,0,0,0,0,0,0,0,0
Aymeric Laporte,Manchester City,19,17,Knock,41,275,16,11,0,0,0,90,564,13,8,2,0,2,0,1,0,2,0,0,0,1,0,1,0,0,0,0,0,0,0,0,0,0,0,0
Ayoze Pérez,Leicester City,4,16,Calf/Shin Injury,28,12,0,26,0,0,0,32,56,2,1,0,0,1,0,0,1,0,1,0,0,0,0,0,0,0,0,0,0,0,0,0,0,0,0,0
Bali Mumba,Norwich City,1,16,Knee Injury,0,0,0,0,0,0,0,0,16,0,0,0,0,1,0,0,0,0,0,0,0,0,0,0,0,0,0,0,0,0,0,0,0,0,0,0
Ben Chilwell,Chelsea,15,0,Ankle/Foot Injury,3,29,25,0,0,0,0,0,253,0,1,0,4,3,2,2,1,0,0,0,1,0,0,0,0,0,0,0,0,0,0,0,0,0,0,0
Ben Davies,Tottenham Hotspur,10,0,Ankle/Foot Injury,70,91,26,0,0,0,0,5,303,1,0,0,2,0,0,1,0,0,0,1,0,0,2,0,0,1,0,0,1,0,0,0,0,0,0,0
Ben Foster,Watford,8,22,Ankle/Foot Injury,0,0,0,0,0,0,0,0,566,0,0,0,2,1,0,2,0,0,0,0,0,1,1,0,0,0,0,1,0,0,0,0,0,0,0,0
Ben Gibson,Norwich City,3,0,Groin/Pelvis Injury,0,188,89,8,0,0,0,34,277,4,0,0,0,0,0,3,0,0,0,0,0,0,0,0,0,0,0,0,0,0,0,0,0,0,0,0
Ben Godfrey,Everton,6,35,Groin/Pelvis Injury,11,44,0,0,0,21,0,21,90,2,0,1,0,1,0,2,0,1,0,0,0,0,0,0,0,1,0,0,0,0,0,0,0,0,0,0
Ben Johnson,West Ham United,2,20,Calf/Shin Injury,0,0,7,0,0,0,0,0,27,0,0,1,0,0,0,0,0,0,1,0,0,0,0,0,0,0,0,0,0,0,0,0,0,0,0,0
Ben Mee,Burnley,8,10,Knock,5,0,0,0,0,0,0,17,233,2,2,0,0,1,1,0,0,1,1,0,0,0,0,0,1,1,0,0,0,0,0,0,0,0,0,0
Ben White,Arsenal,1,15,Knock,0,0,0,0,4,0,0,4,15,1,1,0,0,0,0,0,0,0,0,0,0,0,0,0,0,0,0,0,0,0,0,0,0,0,0,0
Benjamin Mendy,Manchester City,16,0,Hip/Thigh Injury,39,43,176,270,0,0,0,335,760,9,3,2,0,4,1,0,0,0,0,0,0,4,0,0,0,0,2,0,0,0,0,0,0,0,0,0
Bernardo Silva,Manchester City,6,3,Knock,19,0,17,0,0,11,0,23,62,3,3,0,1,0,1,0,0,0,0,0,0,1,0,0,0,0,0,0,0,0,0,0,0,0,0,0
Bernd Leno,Arsenal,2,7,Hip/Thigh Injury,0,0,0,0,4,0,0,4,74,1,0,0,0,1,0,0,0,0,0,0,0,1,0,0,0,0,0,0,0,0,0,0,0,0,0,0
Bertrand Traoré,Aston Villa,9,108,Thigh Muscle Strain,31,0,0,0,0,0,0,7,234,1,1,0,0,1,3,0,0,0,0,0,0,1,0,1,0,0,0,0,0,0,0,0,0,0,0,0
Billy Gilmour,Norwich City,3,5,Ankle/Foot Injury,0,0,0,0,0,0,0,0,190,0,0,0,1,1,0,0,0,1,0,0,0,0,0,0,0,0,0,0,0,0,0,0,0,0,0,0
Boubakary Soumaré,Leicester City,1,0,Ankle/Foot Injury,0,7,0,0,0,12,0,12,7,2,0,0,1,0,0,0,0,0,0,0,0,0,0,0,0,0,0,0,0,0,0,0,0,0,0,0
Brandon Williams,Norwich City,2,0,Head Injury,22,4,0,0,0,0,0,0,26,0,1,0,0,0,0,0,0,0,0,0,0,0,0,0,0,1,0,0,0,0,0,0,0,0,0,0
Bruno André Cavaco Jordão,Wolverhampton …,1,0,Ankle/Foot Injury,0,9,0,0,0,0,0,0,9,0,0,0,1,0,0,0,0,0,0,0,0,0,0,0,0,0,0,0,0,0,0,0,0,0,0,0
Bruno Fernandes,Manchester United,1,1,Knock,0,0,0,5,0,0,0,5,1,1,1,0,0,0,0,0,0,0,0,0,0,0,0,0,0,0,0,0,0,0,0,0,0,0,0,0
Bryan Gil Salvatierra,Tottenham Hotspur,6,45,Knock,31,14,0,0,7,0,0,7,90,1,2,0,0,0,0,0,0,2,0,0,0,0,0,1,0,0,0,0,0,0,0,0,0,0,0,0
Bryan Mbeumo,Brentford,2,3,Calf/Shin Injury,0,0,0,0,0,0,0,0,10,0,0,0,0,0,0,0,0,0,1,0,0,0,0,1,0,0,0,0,0,0,0,0,0,0,0,0
Bukayo Saka,Arsenal,8,3,Thigh Muscle Strain,30,12,0,0,0,0,0,0,45,0,0,0,1,1,3,2,0,0,0,0,0,0,0,1,0,0,0,0,0,0,0,0,0,0,0,0
Callum Hudson Odoi,Chelsea,8,7,Hamstring,16,145,32,0,0,0,0,0,354,0,1,2,0,0,1,0,1,1,0,0,0,1,0,0,0,0,0,0,0,0,0,0,0,0,0,0
Callum Wilson,Newcastle United,14,48,Hamstring,110,12,70,0,0,10,0,17,720,2,0,6,0,1,1,0,0,0,1,0,0,0,0,2,0,1,0,2,0,0,0,0,0,0,0,0
Calum Chambers,Arsenal,12,0,Knock,5,0,22,0,0,5,0,25,536,3,4,0,2,0,0,0,1,1,0,1,0,1,0,0,1,0,0,1,0,0,0,0,0,0,0,0
Caoimhín Kelleher,Liverpool,1,0,Knock,83,0,0,0,0,0,0,0,83,0,1,0,0,0,0,0,0,0,0,0,0,0,0,0,0,0,0,0,0,0,0,0,0,0,0,0
Carney Chukwuemeka,Aston Villa,1,17,Groin/Pelvis Injury,0,0,0,0,0,0,0,0,17,0,0,0,0,0,0,1,0,0,0,0,0,0,0,0,0,0,0,0,0,0,0,0,0,0,0,0
Cenk Tosun,Everton,6,0,Knee Injury,35,40,0,0,0,0,0,0,440,0,0,0,0,2,1,1,0,1,0,0,0,0,0,0,0,0,0,1,0,0,0,0,0,0,0,0
Charlie Cresswell,Leeds United,1,0,Shoulder Injury,0,0,0,0,0,0,0,0,3,0,0,0,0,0,0,0,0,0,0,0,0,0,0,0,1,0,0,0,0,0,0,0,0,0,0,0
Charlie Goode,Brentford,1,0,Thigh Muscle Rupture,0,0,0,0,0,0,0,0,12,0,0,0,0,0,0,0,0,0,0,0,0,0,0,1,0,0,0,0,0,0,0,0,0,0,0,0
Charlie Taylor,Burnley,8,0,Thigh Muscle Strain,73,30,0,0,0,0,0,0,170,0,1,0,0,0,6,0,0,0,0,0,0,0,0,0,0,0,0,0,0,0,0,0,1,0,0,0
Che Adams,Southampton,4,24,Groin/Pelvis Injury,28,0,0,0,0,0,0,33,52,2,1,0,0,0,0,1,0,0,0,0,0,0,0,1,0,1,0,0,0,0,0,0,0,0,0,0
Cheikhou Kouyaté,Crystal Palace,18,0,Knock,3,15,36,0,0,0,0,5,310,1,6,2,4,1,0,0,1,0,0,1,0,0,0,0,0,1,0,0,0,0,1,0,0,0,0,0
Chris Wood,Burnley,14,0,Thigh Muscle Strain,30,70,7,0,0,0,0,0,229,0,1,3,1,0,4,0,1,0,2,0,0,0,0,0,0,0,0,0,0,1,0,0,0,0,0,0
Christian Benteke,Crystal Palace,17,0,Knee Injury,25,49,144,0,2,14,0,51,565,4,1,1,2,5,1,1,0,1,0,0,0,2,0,0,1,0,0,0,0,0,0,0,0,0,1,0
Christian Kabasele,Watford,9,51,Knock,0,11,22,0,0,25,14,45,362,4,4,3,1,0,0,0,0,0,0,0,0,0,0,0,1,0,0,0,0,0,0,0,0,0,0,0
Christian Nørgaard,Brentford,1,2,Back Injury,0,0,0,3,0,14,0,17,2,2,0,0,0,0,0,0,0,0,0,0,1,0,0,0,0,0,0,0,0,0,0,0,0,0,0,0
Christian Pulisic,Chelsea,11,117,Calf/Shin Injury,92,169,53,0,0,0,0,0,431,0,1,2,1,0,1,2,0,1,2,0,0,0,0,1,0,0,0,0,0,0,0,0,0,0,0,0
Christoph Zimmermann,Norwich City,5,0,Ankle/Foot Injury,0,130,0,0,0,0,0,0,290,0,0,1,2,1,1,0,0,0,0,0,0,0,0,0,0,0,0,0,0,0,0,0,0,0,0,0
Christos Tzolis,Norwich City,2,29,Calf/Shin Injury,0,0,0,0,0,0,0,0,29,0,0,0,0,0,0,0,0,1,1,0,0,0,0,0,0,0,0,0,0,0,0,0,0,0,0,0
Ciaran Clark,Newcastle United,20,0,Ankle/Foot Injury,43,32,91,3,0,0,0,23,620,5,3,0,5,5,1,0,1,1,2,0,0,0,1,0,1,0,0,0,0,0,0,0,0,0,0,0
Cole Palmer,Manchester City,1,0,Virus,19,0,0,0,0,0,0,0,19,0,0,0,0,0,0,0,0,1,0,0,0,0,0,0,0,0,0,0,0,0,0,0,0,0,0,0
Connor Roberts,Burnley,2,42,Groin/Pelvis Injury,0,0,0,0,0,0,0,0,67,0,0,0,0,0,0,1,1,0,0,0,0,0,0,0,0,0,0,0,0,0,0,0,0,0,0,0
Conor Coady,Wolverhampton …,1,0,Virus,19,0,0,0,0,0,0,16,19,3,0,0,0,0,0,0,0,1,0,0,0,0,0,0,0,0,0,0,0,0,0,0,0,0,0,0
Conor Gallagher,Crystal Palace,1,0,Knock,0,0,0,0,13,0,0,13,6,1,1,0,0,0,0,0,0,0,0,0,0,0,0,0,0,0,0,0,0,0,0,0,0,0,0,0
Craig Cathcart,Watford,11,0,Knee Injury,0,31,0,0,0,0,0,0,484,0,1,0,0,4,1,0,0,0,1,1,1,0,0,0,0,1,0,0,0,0,0,0,0,0,0,0
Craig Dawson,West Ham United,7,0,Head Injury,0,19,0,0,7,0,0,24,141,3,0,0,1,2,0,0,0,0,0,0,0,0,0,0,0,2,0,0,0,0,1,0,0,0,0,0
Cristian Romero,Tottenham Hotspur,4,19,Knee Injury,0,0,0,0,0,0,0,0,66,0,1,0,0,2,1,0,0,0,0,0,0,0,0,0,0,0,0,0,0,0,0,0,0,0,0,0
Cristiano Ronaldo,Manchester United,12,0,Knee Injury,0,0,0,0,0,0,0,72,142,4,3,2,1,3,1,0,0,1,0,0,1,0,0,0,0,0,0,0,0,0,0,0,0,0,0,0
Curtis Jones,Liverpool,4,25,Head Injury,14,0,0,0,0,0,0,0,96,0,1,0,0,0,0,1,0,0,0,0,0,0,0,0,0,2,0,0,0,0,0,0,0,0,0,0
Cédric Soares,Arsenal,11,0,Ankle/Foot Injury,31,202,16,0,0,0,0,0,352,0,1,1,2,1,0,0,1,1,1,1,0,0,2,0,0,0,0,0,0,0,0,0,0,0,0,0
César Azpilicueta,Chelsea,4,3,Hamstring,42,2,0,0,0,0,0,24,54,2,0,2,0,0,1,0,0,0,0,0,0,0,0,0,1,0,0,0,0,0,0,0,0,0,0,0
Dale Stephens,Burnley,10,0,Knock,48,26,34,0,0,8,24,54,365,6,3,2,0,0,2,0,1,0,0,0,0,0,0,0,0,0,0,0,0,1,0,0,0,0,0,0
Dan Burn,Brighton & Hov…,6,21,Thigh Muscle Rupture,24,36,0,0,0,0,0,26,222,4,1,0,0,1,0,0,0,0,0,0,0,0,0,2,1,0,0,0,0,1,0,0,0,0,0,0
Dan Gosling,Watford,13,37,Knee Injury,0,0,72,0,0,0,0,16,975,1,1,1,0,6,0,1,1,0,2,0,0,0,0,0,0,0,0,0,0,1,0,0,0,0,0,0
Dane Scarlett,Tottenham Hotspur,2,17,Ankle/Foot Injury,0,0,0,0,0,0,0,0,42,0,0,0,1,0,0,0,0,1,0,0,0,0,0,0,0,0,0,0,0,0,0,0,0,0,0,0
Daniel Amartey,Leicester City,5,16,Ankle/Foot Injury,75,0,0,0,0,0,0,0,759,0,0,2,2,0,0,0,1,0,0,0,0,0,0,0,0,0,0,0,0,0,0,0,0,0,0,0
Daniel Bachmann,Watford,2,12,Hamstring,0,28,0,0,0,0,0,0,40,0,0,1,0,1,0,0,0,0,0,0,0,0,0,0,0,0,0,0,0,0,0,0,0,0,0,0
Daniel James,Leeds United,6,0,Knock,22,13,0,0,0,0,0,0,55,0,4,0,1,0,0,1,0,0,0,0,0,0,0,0,0,0,0,0,0,0,0,0,0,0,0,0
Daniel Podence,Wolverhampton …,5,12,Groin Strain,88,0,0,0,0,0,0,0,210,0,1,0,0,0,0,0,0,0,1,2,0,0,0,0,1,0,0,0,0,0,0,0,0,0,0,0
Danny Ings,Aston Villa,15,34,Hamstring,106,0,105,0,0,0,0,0,713,0,4,5,0,3,1,0,0,1,0,0,0,0,0,0,0,0,0,1,0,0,0,0,0,0,0,0
Danny Rose,Watford,29,0,Ankle/Foot Injury,0,37,79,0,0,7,0,139,796,4,4,5,5,5,0,0,1,0,0,1,1,0,3,0,0,0,0,1,0,0,0,0,1,0,0,1
Danny Ward,Leicester City,3,0,Knock,0,0,3,0,0,0,0,0,44,0,2,0,0,0,0,0,0,0,0,0,1,0,0,0,0,0,0,0,0,0,0,0,0,0,0,0
Danny Welbeck,Brighton & Hov…,27,109,Knee Injury,54,103,203,0,0,0,0,0,1471,0,2,5,2,10,1,0,1,0,0,3,0,1,1,1,0,0,0,0,0,0,0,0,0,0,0,0
Darren Randolph,West Ham United,4,0,Groin Strain,99,0,0,0,0,0,0,3,109,1,1,0,0,1,1,0,0,0,0,1,0,0,0,0,0,0,0,0,0,0,0,0,0,0,0,0
David Edward Martin,West Ham United,1,0,Thigh Muscle Strain,0,25,0,0,0,0,0,0,25,0,0,0,0,0,1,0,0,0,0,0,0,0,0,0,0,0,0,0,0,0,0,0,0,0,0,0
David Raya,Brentford,1,0,Knee Injury,0,0,0,0,0,0,0,0,70,0,0,0,0,1,0,0,0,0,0,0,0,0,0,0,0,0,0,0,0,0,0,0,0,0,0,0
David de Gea,Manchester United,7,0,Knee Injury,34,3,0,0,0,0,0,0,70,0,1,1,0,2,0,0,0,0,0,1,0,1,0,0,0,0,0,0,0,0,0,0,0,0,0,0
Davinson Sánchez,Tottenham Hotspur,4,11,Knock,0,5,71,0,0,0,0,14,87,1,2,1,1,0,0,0,0,0,0,0,0,0,0,0,0,0,0,0,0,0,0,0,0,0,0,0
Dean Henderson,Manchester United,1,0,Hip/Thigh Injury,15,0,0,0,0,0,0,17,15,1,0,0,0,0,0,0,0,0,0,0,0,1,0,0,0,0,0,0,0,0,0,0,0,0,0,0
Declan Rice,West Ham United,3,9,Knee Injury,42,0,13,2,0,0,0,2,64,1,0,0,0,1,0,0,2,0,0,0,0,0,0,0,0,0,0,0,0,0,0,0,0,0,0,0
Dele Alli,Tottenham Hotspur,15,0,Hamstring,18,49,96,0,0,2,0,29,207,3,3,4,1,1,3,1,0,0,0,0,0,1,0,0,0,0,0,0,0,0,0,0,0,0,0,0
Demarai Gray,Everton,7,5,Achilles tendonitis,10,13,29,0,0,0,0,0,97,0,1,0,1,0,0,1,1,1,1,0,0,0,0,0,0,0,0,0,0,0,0,0,0,0,1,0
Diego Llorente,Leeds United,12,34,Groin/Pelvis Injury,126,36,112,0,0,19,0,160,331,10,1,2,1,1,1,3,0,0,0,0,0,0,2,0,0,0,0,0,0,0,0,0,0,0,0,0
Dimitris Giannoulis,Norwich City,1,10,Back Injury,0,0,0,0,0,0,0,0,10,0,0,0,0,0,0,0,0,0,0,0,1,0,0,0,0,0,0,0,0,0,0,0,0,0,0,0
Diogo Dalot,Manchester United,6,0,Knock,0,127,50,0,0,0,0,0,258,0,3,0,0,0,0,1,0,0,0,1,0,0,0,0,0,0,0,0,0,0,0,0,0,0,0,0
Diogo Jota,Liverpool,10,5,Knock,85,45,55,0,0,0,0,0,190,0,5,1,1,1,0,0,0,0,1,0,0,0,0,0,0,0,1,0,0,0,0,0,0,0,0,0
Divock Origi,Liverpool,14,1,Ankle/Foot Injury,61,12,24,0,0,0,0,0,210,0,3,1,4,2,2,0,1,0,0,1,0,0,0,0,0,0,0,0,0,0,0,0,0,0,0,0
Dominic Calvert Lewin,Everton,9,33,Ankle/Foot Injury,42,0,29,0,0,0,0,0,307,0,1,1,2,0,2,1,0,0,0,0,1,0,0,1,0,0,0,0,0,0,0,0,0,0,0,0
Donny van de Beek,Manchester United,4,0,Knock,45,30,0,0,0,0,0,0,141,0,2,0,0,0,1,1,0,0,0,0,0,0,0,0,0,0,0,0,0,0,0,0,0,0,0,0
Douglas Luiz,Aston Villa,6,41,Hamstring,0,0,63,0,6,0,8,14,109,2,1,4,0,0,0,0,0,1,0,0,0,0,0,0,0,0,0,0,0,0,0,0,0,0,0,0
Dwight Gayle,Newcastle United,15,8,Hamstring,97,156,0,0,0,0,0,91,518,2,0,4,1,1,3,0,2,0,2,0,0,1,1,0,0,0,0,0,0,0,0,0,0,0,0,0
Dwight McNeil,Burnley,5,0,Knock,21,21,0,0,0,0,0,0,42,0,2,1,0,0,1,1,0,0,0,0,0,0,0,0,0,0,0,0,0,0,0,0,0,0,0,0
Eberechi Eze,Crystal Palace,4,0,Calf/Shin Injury,4,0,0,0,0,0,0,0,173,0,1,0,0,0,0,1,0,1,1,0,0,0,0,0,0,0,0,0,0,0,0,0,0,0,0,0
Eddie Nketiah,Arsenal,1,33,Ankle/Foot Injury,0,0,0,0,0,11,0,11,33,1,0,0,1,0,0,0,0,0,0,0,0,0,0,0,0,0,0,0,0,0,0,0,0,0,0,0
Ederson,Manchester City,6,1,Knock,16,28,0,0,0,2,0,2,47,1,2,0,0,0,0,0,2,1,0,0,0,0,0,0,0,0,0,0,0,0,0,0,0,0,0,0
Edinson Cavani,Manchester United,23,73,Knock,53,83,75,0,10,0,0,23,375,3,5,0,1,1,5,0,2,1,3,1,0,3,1,0,0,0,0,0,0,0,0,0,0,0,0,0
Edouard Mendy,Chelsea,3,0,Hand Injury,3,19,0,0,0,0,0,0,64,0,0,0,0,0,1,0,0,0,0,0,0,0,0,0,0,0,0,0,0,0,0,0,0,0,0,0
Elliott Anderson,Newcastle United,2,6,Groin/Pelvis Injury,0,0,0,0,0,0,0,0,150,0,0,0,0,0,0,2,0,0,0,0,0,0,0,0,0,0,0,0,0,0,0,0,0,0,0,0
Emerson,Tottenham Hotspur,2,15,Knock,14,0,0,0,6,10,0,16,29,4,1,0,0,0,0,0,0,1,0,0,0,0,0,0,0,0,0,0,0,0,0,0,0,0,0,0
Emi Buendía,Aston Villa,5,10,Ankle/Foot Injury,0,12,0,0,0,0,13,414,78,4,1,0,1,1,1,1,0,0,0,0,0,0,0,0,0,0,0,0,0,0,0,0,0,0,0,0
Emil Krafth,Newcastle United,6,3,Ankle/Foot Injury,6,149,0,0,0,0,0,0,210,0,1,0,2,0,1,0,0,0,1,0,0,1,0,0,0,0,0,0,0,0,0,0,0,0,0,0
Emile Smith Rowe,Arsenal,12,6,Groin/Pelvis Injury,62,18,150,0,0,0,0,0,236,0,2,2,1,0,0,2,0,0,0,1,0,2,0,0,1,1,0,0,0,0,0,0,0,0,0,0
Emiliano Martínez,Aston Villa,1,0,Groin/Pelvis Injury,2,0,0,0,0,0,0,0,2,0,0,0,0,0,0,1,0,0,0,0,0,0,0,0,0,0,0,0,0,0,0,0,0,0,0,0
Emmanuel Dennis,Watford,3,6,Ankle/Foot Injury,40,0,0,7,0,7,14,28,46,3,1,0,2,0,0,0,0,0,0,0,0,0,0,0,0,0,0,0,0,0,0,0,0,0,0,0
Enock Mwepu,Brighton & Hov…,3,41,Knock,0,0,0,0,0,0,0,0,41,0,2,0,0,0,0,1,0,0,0,0,0,0,0,0,0,0,0,0,0,0,0,0,0,0,0,0
Eric Bailly,Manchester United,24,28,Knock,81,5,132,0,0,0,0,21,620,3,9,1,0,4,1,0,0,1,0,2,1,0,0,0,3,1,0,0,0,0,0,0,0,0,0,0
Eric Dier,Tottenham Hotspur,13,0,Thigh Muscle Strain,12,18,111,0,0,12,0,25,167,2,0,1,0,1,2,1,1,1,0,0,0,1,1,0,0,0,0,0,0,0,1,0,0,0,0,0
Erik Pieters,Burnley,18,0,Knock,55,1,0,0,0,0,0,28,427,2,3,2,1,0,2,0,1,0,2,2,0,0,1,0,0,0,0,0,0,0,0,0,0,0,0,1
Ethan Pinnock,Brentford,2,5,Ankle/Foot Injury,0,0,0,0,0,0,0,0,5,0,0,0,1,0,0,0,0,0,0,1,0,0,0,0,0,0,0,0,0,0,0,0,0,0,0,0
Ezri Konsa,Aston Villa,4,12,Thigh Muscle Strain,12,17,0,18,0,0,6,24,41,2,1,0,0,1,2,0,0,0,0,0,0,0,0,0,0,0,0,0,0,0,0,0,0,0,0,0
Fabian Delph,Everton,33,70,Knock,137,94,75,0,0,7,19,85,1335,10,9,4,2,5,2,2,3,0,2,0,0,0,1,0,1,0,0,0,0,0,0,0,0,0,1,0
Fabian Schär,Newcastle United,16,6,Knock,111,57,23,0,17,0,4,49,280,5,4,2,0,2,1,0,0,1,1,0,0,1,0,0,1,0,0,0,0,0,1,0,0,0,0,0
Fabinho,Liverpool,11,30,Knock,53,50,22,0,0,0,0,64,181,10,3,2,1,2,0,0,1,1,0,0,0,0,0,0,0,1,0,0,0,0,0,0,0,0,0,0
Federico Fernández,Newcastle United,13,0,Calf/Shin Injury,88,0,35,0,0,0,0,13,267,2,2,1,1,0,1,0,0,1,2,1,0,1,1,1,0,0,0,0,0,0,0,0,0,0,0,0
Fernandinho,Manchester City,15,0,Knock,41,9,94,0,0,10,0,75,204,7,11,1,0,1,2,0,0,0,0,0,0,0,0,0,0,0,0,0,0,0,0,0,0,0,0,0
Fernando Marçal,Wolverhampton …,17,35,Calf Muscle Strain,167,53,36,0,0,21,11,41,462,6,2,1,0,0,2,3,0,1,4,0,0,0,4,0,0,0,0,0,0,0,0,0,0,0,0,0
Ferrán Torres,Manchester City,3,0,Hamstring,11,4,0,0,0,0,8,8,95,1,0,1,0,0,0,0,0,1,0,0,0,0,0,0,0,0,0,0,0,0,0,0,0,0,0,0
Filip Benković,Leicester City,2,0,Groin/Pelvis Injury,35,0,0,0,0,0,0,0,53,0,0,0,0,0,0,1,1,0,0,0,0,0,0,0,0,0,0,0,0,0,0,0,0,0,0,0
Francisco Sierralta,Watford,2,32,Hamstring,0,0,0,0,0,0,0,0,71,0,0,1,0,0,1,0,0,0,0,0,0,0,0,0,0,0,0,0,0,0,0,0,0,0,0,0
Francisco Trincão,Wolverhampton …,1,7,Virus,0,0,0,0,0,0,0,0,7,0,0,0,0,0,0,0,0,1,0,0,0,0,0,0,0,0,0,0,0,0,0,0,0,0,0,0
Fraser Forster,Southampton,3,21,Abdominal Strain,0,0,0,0,0,0,0,0,321,0,1,0,0,1,0,0,0,0,0,0,0,0,0,0,0,0,0,0,0,0,0,0,0,0,0,0
Fred,Manchester United,2,4,Ankle/Foot Injury,0,0,0,0,0,0,0,0,4,0,0,0,1,0,0,0,0,0,0,0,0,0,0,1,0,0,0,0,0,0,0,0,0,0,0,0
Freddie Woodman,Newcastle United,1,54,Knock,0,0,0,0,0,0,0,0,54,0,1,0,0,0,0,0,0,0,0,0,0,0,0,0,0,0,0,0,0,0,0,0,0,0,0,0
Fábio Silva,Wolverhampton …,1,0,Virus,0,0,0,0,0,0,0,0,18,0,0,0,0,0,0,0,0,1,0,0,0,0,0,0,0,0,0,0,0,0,0,0,0,0,0,0
Gabriel Dos Santos,Arsenal,4,15,Knee Injury,20,0,0,15,3,6,0,24,89,3,0,0,0,1,1,0,0,1,0,0,0,0,0,0,0,0,0,0,0,0,0,0,0,0,0,0
Gabriel Jesus,Manchester City,12,6,Knock,53,32,23,0,0,0,0,0,250,0,4,2,0,1,0,0,1,1,0,1,0,0,0,0,0,0,0,0,0,1,0,0,0,0,0,0
Giovani Lo Celso,Tottenham Hotspur,9,41,Hamstring,123,56,0,0,0,0,10,10,224,2,2,2,0,1,2,1,0,0,1,0,0,0,0,0,0,0,0,0,0,0,0,0,0,0,0,0
Granit Xhaka,Arsenal,10,89,Groin Strain,15,27,44,26,13,0,4,83,179,7,0,0,1,0,0,1,1,1,0,2,1,1,0,0,0,0,0,0,0,0,1,0,0,0,0,0
Grant Hanley,Norwich City,10,18,Groin/Pelvis Injury,0,106,0,0,0,0,0,55,396,4,1,0,1,1,1,2,1,1,0,1,0,0,0,0,1,0,0,0,0,0,0,0,0,0,0,0
Gylfi Þór Sigurðsson,Everton,9,0,Knock,3,31,0,0,0,0,0,18,155,1,2,1,1,1,1,1,0,0,1,0,0,0,0,0,1,0,0,0,0,0,0,0,0,0,0,0
Hakim Ziyech,Chelsea,12,9,Calf Muscle Strain,73,34,35,0,0,0,0,31,160,4,1,1,1,1,0,0,1,0,2,0,0,1,2,0,1,0,0,0,0,1,0,0,0,0,0,0
Hamza Choudhury,Leicester City,1,15,Illness,0,0,0,0,0,7,0,14,15,2,0,0,0,0,0,0,1,0,0,0,0,0,0,0,0,0,0,0,0,0,0,0,0,0,0,0
Harry Kane,Tottenham Hotspur,23,13,Ankle/Foot Injury,21,150,90,0,0,0,0,0,554,0,4,2,8,2,0,0,1,1,0,1,2,0,0,0,0,0,0,0,1,0,0,0,0,0,0,0
Harry Maguire,Manchester United,9,19,Ankle/Foot Injury,25,8,42,8,0,0,14,36,117,5,2,0,3,3,0,0,0,0,0,0,0,0,0,0,0,0,1,0,0,0,0,0,0,0,0,0
Harry Winks,Tottenham Hotspur,10,0,Ankle/Foot Injury,6,8,83,0,0,2,0,2,430,1,1,0,5,0,0,1,1,0,0,0,0,1,0,0,0,0,0,0,1,0,0,0,0,0,0,0
Harvey Barnes,Leicester City,2,0,Knee Injury,0,0,0,0,0,0,0,0,166,0,1,0,0,1,0,0,0,0,0,0,0,0,0,0,0,0,0,0,0,0,0,0,0,0,0,0
Harvey Elliott,Liverpool,2,13,Ankle/Foot Injury,0,0,0,0,0,0,0,0,126,0,1,0,1,0,0,0,0,0,0,0,0,0,0,0,0,0,0,0,0,0,0,0,0,0,0,0
Hugo Bueno López,Wolverhampton …,1,1,Thigh Muscle Rupture,0,0,0,0,0,0,0,0,1,0,0,0,0,0,0,0,0,0,0,0,0,0,0,1,0,0,0,0,0,0,0,0,0,0,0,0
Hugo Lloris,Tottenham Hotspur,16,0,Knock,11,119,37,0,0,0,0,0,275,0,4,1,0,2,1,0,3,0,0,1,0,0,0,0,1,0,0,0,0,0,1,0,0,0,0,0
Hwang Hee chan,Wolverhampton …,4,0,Knock,52,0,0,0,0,0,0,0,70,0,2,0,1,0,0,0,0,1,0,0,0,0,0,0,0,0,0,0,0,0,0,0,0,0,0,0
Hélder Costa,Leeds United,11,18,Hamstring,15,33,83,12,0,3,7,22,186,3,3,3,0,2,0,0,0,1,0,0,0,1,0,1,0,0,0,0,0,0,0,0,0,0,0,0
Ibrahima Diallo,Southampton,4,5,Knock,35,44,0,0,0,0,0,0,84,0,2,0,1,0,1,0,0,0,0,0,0,0,0,0,0,0,0,0,0,0,0,0,0,0,0,0
Ibrahima Konaté,Liverpool,6,0,Hip/Thigh Injury,49,198,0,0,0,0,8,8,330,1,0,0,1,0,1,0,0,1,0,0,0,2,0,1,0,0,0,0,0,0,0,0,0,0,0,0
Illan Meslier,Leeds United,1,0,Illness,22,0,0,0,0,0,0,0,22,0,0,0,0,0,0,0,1,0,0,0,0,0,0,0,0,0,0,0,0,0,0,0,0,0,0,0
Imran Louza,Watford,0,0,,0,0,0,0,28,0,0,28,0,2,0,0,0,0,0,0,0,0,0,0,0,0,0,0,0,0,0,0,0,0,0,0,0,0,0,0
Isaac Hayden,Newcastle United,10,19,Knee Injury,20,19,20,14,8,28,16,73,250,6,2,0,1,2,2,0,0,1,0,0,1,1,0,0,0,0,0,0,0,0,0,0,0,0,0,0
Ismaila Sarr,Watford,8,0,Hamstring,0,57,0,0,0,0,2,5,258,2,1,3,1,1,0,0,0,0,0,0,0,0,0,0,0,0,0,0,0,0,0,1,0,0,1,0
Issa Diop,West Ham United,7,0,Back Injury,41,0,0,0,0,14,0,49,117,9,2,0,0,0,0,0,2,0,0,0,2,0,0,0,0,1,0,0,0,0,0,0,0,0,0,0
Ivan Toney,Brentford,2,19,Ankle/Foot Injury,0,0,0,0,0,36,7,81,40,7,0,0,1,0,0,0,0,1,0,0,0,0,0,0,0,0,0,0,0,0,0,0,0,0,0,0
Jack Butland,Crystal Palace,5,0,Ankle Fracture,14,0,0,0,0,0,0,0,391,0,1,0,1,0,0,0,0,1,0,0,0,0,0,0,0,0,0,0,0,0,0,0,0,0,0,0
Jack Cork,Burnley,12,0,Ankle/Foot Injury,31,32,10,0,0,0,0,0,406,0,2,1,5,1,0,1,1,0,0,0,0,0,0,0,1,0,0,0,0,0,0,0,0,0,0,0
Jack Grealish,Manchester City,8,17,Ankle/Foot Injury,81,28,0,0,0,0,0,27,199,3,1,1,2,0,0,0,0,0,2,0,0,0,0,0,0,0,1,0,0,0,0,0,0,0,0,0
Jack Stephens,Southampton,3,75,Knee Injury,0,0,12,0,0,0,0,30,96,3,0,0,0,2,0,0,0,1,0,0,0,0,0,0,0,0,0,0,0,0,0,0,0,0,0,0
Jaden Philogene Bidace,Aston Villa,2,28,Knock,0,0,0,0,0,0,0,0,28,0,1,0,0,0,0,0,1,0,0,0,0,0,0,0,0,0,0,0,0,0,0,0,0,0,0,0
Jadon Sancho,Manchester United,8,6,Knock,58,3,2,0,0,0,0,0,69,0,5,0,0,0,1,0,0,0,0,0,0,0,0,1,0,0,0,0,0,0,0,0,0,0,0,0
Jamaal Lascelles,Newcastle United,20,32,Ankle/Foot Injury,149,89,77,4,0,0,0,18,413,3,1,2,8,2,2,0,1,0,0,1,0,1,0,0,1,0,0,0,0,0,0,0,0,0,0,1
Jamal Lewis,Newcastle United,7,0,Knee Injury,6,22,0,0,0,0,0,0,82,0,0,1,0,2,1,0,0,0,0,0,0,0,0,0,0,0,0,0,0,0,0,0,0,0,0,0
James Justin,Leicester City,1,0,ACL Knee Ligament Injury,0,0,0,0,0,0,0,0,326,0,0,0,0,0,0,0,0,0,0,0,0,0,0,0,0,0,0,1,0,0,0,0,0,0,0,0
James Maddison,Leicester City,14,10,Knee Injury,62,19,30,0,0,0,5,7,199,2,2,0,1,4,0,1,2,0,0,0,1,1,0,1,0,1,0,0,0,0,0,0,0,0,0,0
James McArthur,Crystal Palace,16,0,Knock,124,24,5,0,0,0,0,0,498,0,5,1,0,1,1,0,2,0,1,0,2,2,0,0,0,0,0,0,1,0,0,0,0,0,0,0
James Milner,Liverpool,31,59,Hamstring,57,77,47,0,0,0,0,24,370,3,8,9,0,3,2,0,1,0,3,1,1,1,1,0,0,1,0,0,0,0,0,0,0,0,0,0
James Tarkowski,Burnley,9,0,Groin Strain,13,0,42,12,0,0,0,38,192,6,3,0,0,0,0,1,0,0,0,3,0,0,0,0,0,0,0,0,0,0,0,0,0,1,0,0
James Tomkins,Crystal Palace,31,0,Calf Muscle Strain,137,0,55,0,0,0,7,18,1172,3,5,4,3,2,2,1,2,0,0,2,0,1,6,0,0,0,0,0,0,0,0,0,0,0,0,0
James Ward Prowse,Southampton,7,1,Knee Injury,20,8,0,25,0,0,0,32,130,2,0,1,1,2,0,1,0,0,1,0,0,0,0,0,0,0,0,0,0,0,0,0,0,0,0,0
Jamie Shackleton,Leeds United,5,26,Knock,56,0,0,0,0,0,0,0,102,0,2,0,0,0,0,0,0,0,1,1,0,0,0,0,0,1,0,0,0,0,0,0,0,0,0,0
Jamie Vardy,Leicester City,25,1,Groin Strain,46,24,39,0,0,0,16,51,176,6,0,2,1,0,2,4,1,0,3,7,0,1,1,1,0,1,0,0,0,0,0,0,0,0,0,0
Jan Bednarek,Southampton,5,7,Calf/Shin Injury,7,5,0,0,0,0,3,3,24,1,0,0,1,0,0,0,0,0,2,0,0,0,0,0,0,2,0,0,0,0,0,0,0,0,0,0
Jannik Vestergaard,Leicester City,10,43,Groin Strain,47,32,83,0,0,0,0,0,205,0,2,0,0,2,0,0,3,0,0,2,0,0,0,0,0,1,0,0,0,0,0,0,0,0,0,0
Japhet Tanganga,Tottenham Hotspur,5,0,Ankle Ligaments,86,26,0,3,0,0,0,3,198,1,0,0,0,0,1,0,0,0,0,0,1,0,0,1,1,0,0,0,1,0,0,0,0,0,0,0
Jarrad Branthwaite,Everton,1,0,Ankle/Foot Injury,44,0,0,0,0,0,0,0,44,0,0,0,1,0,0,0,0,0,0,0,0,0,0,0,0,0,0,0,0,0,0,0,0,0,0,0
Jarrod Bowen,West Ham United,1,0,Knock,0,2,0,0,0,0,0,0,2,0,1,0,0,0,0,0,0,0,0,0,0,0,0,0,0,0,0,0,0,0,0,0,0,0,0,0
Jason Steele,Brighton & Hov…,3,0,Knock,28,0,110,0,0,0,0,21,142,2,2,0,0,0,0,0,0,1,0,0,0,0,0,0,0,0,0,0,0,0,0,0,0,0,0,0
Javier Manquillo,Newcastle United,10,3,Knock,54,59,25,6,0,0,0,6,225,1,3,0,2,0,1,0,0,2,0,0,0,0,1,0,0,0,0,0,0,0,0,0,0,0,0,0
Jay Rodriguez,Burnley,18,14,Ankle/Foot Injury,45,27,0,0,0,0,0,0,822,0,3,0,4,2,2,0,1,1,1,0,0,0,0,1,0,0,0,1,0,0,1,0,0,0,0,1
Jaïro Riedewald,Crystal Palace,9,0,Knee Injury,16,6,24,0,0,0,0,6,154,1,3,1,0,3,0,1,0,0,0,0,0,0,0,0,0,0,0,0,0,0,0,0,0,0,0,0
Jean Philippe Gbamin,Everton,7,17,Thigh Muscle Strain,46,239,26,0,0,0,0,16,660,2,1,0,0,1,2,0,0,1,0,0,0,1,0,0,0,0,0,0,0,0,0,0,0,0,0,0
Jean Philippe Mateta,Crystal Palace,2,0,Knee Injury,0,0,1,0,0,70,0,70,137,1,0,0,0,1,0,0,1,0,0,0,0,0,0,0,0,0,0,0,0,0,0,0,0,0,0,0
Jed Steer,Aston Villa,3,13,Calf/Shin Injury,0,220,0,0,0,0,0,0,233,0,0,0,0,0,0,0,0,1,2,0,0,0,0,0,0,0,0,0,0,0,0,0,0,0,0,0
Jeff Hendrick,Newcastle United,2,0,Thigh Muscle Strain,6,0,0,0,9,6,0,40,35,4,0,0,0,0,1,0,1,0,0,0,0,0,0,0,0,0,0,0,0,0,0,0,0,0,0,0
Jeffrey Schlupp,Crystal Palace,16,21,Knock,100,115,0,0,0,0,0,3,611,1,6,4,3,1,0,1,0,0,0,0,0,0,1,0,0,0,0,0,0,0,0,0,0,0,0,0
Jeremy Ngakia,Watford,1,0,Illness,0,0,0,0,0,0,0,0,19,0,0,0,0,0,0,0,1,0,0,0,0,0,0,0,0,0,0,0,0,0,0,0,0,0,0,0
Jeremy Sarmiento,Brighton & Hov…,1,0,Thigh Muscle Rupture,0,0,0,0,0,0,0,0,33,0,0,0,0,0,0,0,0,0,0,0,0,0,0,1,0,0,0,0,0,0,0,0,0,0,0,0
Jesse Lingard,Manchester United,17,14,Hamstring,60,35,74,0,0,0,0,15,384,2,3,5,1,2,0,1,2,1,0,0,1,0,0,1,0,0,0,0,0,0,0,0,0,0,0,0
Joachim Andersen,Crystal Palace,4,23,Ankle/Foot Injury,16,0,0,0,0,0,0,13,79,2,0,0,1,0,1,0,1,0,0,0,0,0,0,0,1,0,0,0,0,0,0,0,0,0,0,0
Joe Gomez,Liverpool,10,40,Ankle/Foot Injury,258,1,129,0,0,0,0,0,879,0,2,0,3,2,0,0,0,0,1,0,0,0,0,0,0,0,0,1,0,0,0,0,0,0,1,0
Joe Rodon,Tottenham Hotspur,1,32,Knock,0,0,0,0,0,0,0,0,32,0,1,0,0,0,0,0,0,0,0,0,0,0,0,0,0,0,0,0,0,0,0,0,0,0,0,0
Joe Willock,Newcastle United,4,13,Calf/Shin Injury,2,12,0,0,0,0,0,0,35,0,1,0,0,0,0,1,0,1,1,0,0,0,0,0,0,0,0,0,0,0,0,0,0,0,0,0
Joel Ward,Crystal Palace,13,0,Knock,46,54,23,5,0,0,0,5,322,1,5,0,1,2,0,1,0,0,1,1,0,0,1,0,0,0,0,0,0,0,0,0,0,0,0,0
Joelinton,Newcastle United,9,0,Ankle/Foot Injury,14,23,55,0,0,0,0,0,92,0,2,0,2,1,1,1,0,0,1,0,0,0,0,0,0,0,0,0,0,0,0,0,0,0,0,0
John McGinn,Aston Villa,2,5,Ankle/Foot Injury,0,166,0,0,4,0,17,21,171,3,0,0,1,0,0,0,0,0,0,0,0,0,0,0,0,1,0,0,0,0,0,0,0,0,0,0
John Ruddy,Wolverhampton …,1,0,Hip/Thigh Injury,0,0,0,0,0,0,0,0,152,0,0,0,0,0,0,0,0,0,0,0,0,1,0,0,0,0,0,0,0,0,0,0,0,0,0,0
John Stones,Manchester City,22,13,Knock,10,97,38,0,0,0,0,0,407,0,6,2,3,2,2,1,1,0,0,2,0,0,0,0,0,0,1,0,1,0,1,0,0,0,0,0
Jonathan Castro Otto,Wolverhampton …,4,0,Knee Injury,183,103,25,0,0,0,0,54,602,8,0,0,1,2,0,0,0,0,0,0,0,0,0,0,0,0,0,0,0,0,0,0,0,0,0,0
Jonjo Shelvey,Newcastle United,24,64,Hamstring,51,75,129,6,0,0,0,152,490,13,4,6,0,3,4,2,0,0,2,0,0,1,1,0,0,0,0,0,0,0,0,0,0,0,0,1
Jonjoe Kenny,Everton,4,0,Ankle Ligaments,29,18,42,0,0,7,0,7,89,1,1,0,1,0,0,0,0,1,0,0,0,0,0,0,0,0,0,0,1,0,0,0,0,0,0,0
Jonny Evans,Leicester City,52,63,Ankle/Foot Injury,63,6,30,0,3,0,2,58,736,5,8,7,9,3,3,2,2,1,4,0,4,4,1,1,0,0,1,0,0,0,0,0,0,1,0,0
Jordan Ayew,Crystal Palace,3,0,Knock,10,0,10,0,0,0,0,208,27,11,1,0,0,0,0,0,1,1,0,0,0,0,0,0,0,0,0,0,0,0,0,0,0,0,0,0
Jordan Henderson,Liverpool,28,20,Ankle/Foot Injury,102,20,42,0,0,0,8,30,607,2,3,3,5,2,2,2,2,0,1,1,0,1,1,0,0,0,1,0,0,1,0,0,0,0,0,0
Jordan Pickford,Everton,5,5,Abdominal Strain,48,0,0,0,0,0,0,4,122,1,1,0,0,1,0,0,0,0,0,0,0,0,0,0,1,0,0,0,0,0,0,0,0,0,0,0
Jorginho,Chelsea,1,7,Knock,0,0,0,0,0,120,0,120,7,2,1,0,0,0,0,0,0,0,0,0,0,0,0,0,0,0,0,0,0,0,0,0,0,0,0,0
Josh Brownhill,Burnley,4,5,Ankle/Foot Injury,27,0,0,0,0,0,4,4,35,1,1,0,1,0,1,0,0,1,0,0,0,0,0,0,0,0,0,0,0,0,0,0,0,0,0,0
Josh Sargent,Norwich City,4,14,Back Injury,0,30,0,0,15,0,0,15,44,1,0,1,0,0,0,1,0,0,0,0,1,1,0,0,0,0,0,0,0,0,0,0,0,0,0,0
Joshua King,Watford,27,9,Hamstring,9,173,43,0,0,0,0,0,367,0,1,11,5,1,0,1,1,0,0,0,4,0,1,0,0,0,0,0,0,0,1,0,0,0,0,0
João Cancelo,Manchester City,4,0,Foot Injury,16,0,0,3,5,0,0,56,109,7,1,0,0,0,1,0,0,1,0,0,0,0,0,0,0,0,1,0,0,0,0,0,0,0,0,0
João Moutinho,Wolverhampton …,14,0,Ankle/Foot Injury,33,0,0,0,3,0,0,9,219,2,2,0,2,0,2,1,0,0,0,1,0,2,0,0,0,0,0,0,0,0,0,2,0,0,0,0
João Pedro,Watford,1,43,Knee Injury,0,0,0,0,0,0,0,0,43,0,0,0,0,1,0,0,0,0,0,0,0,0,0,0,0,0,0,0,0,0,0,0,0,0,0,0
Joël Matip,Liverpool,17,0,Knock,250,143,30,0,0,0,0,0,583,0,5,0,4,1,1,1,0,0,0,0,1,2,0,0,0,0,0,0,0,1,0,0,0,0,0,0
Joël Veltman,Brighton & Hov…,15,9,Knee Injury,32,127,180,0,0,0,0,14,565,3,2,2,0,5,0,0,1,1,1,0,0,0,0,1,0,1,0,0,0,0,0,0,0,0,0,0
Juan Camilo Hernández Suárez,Watford,4,0,Hamstring,99,100,9,0,23,3,8,40,208,5,0,1,0,0,1,0,0,1,0,0,0,0,0,0,0,0,0,0,0,0,0,0,0,0,0,0
Juan Mata,Manchester United,3,0,Groin/Pelvis Injury,43,0,19,0,0,0,0,7,91,1,1,1,0,0,0,1,0,0,0,0,0,0,0,0,0,0,0,0,0,0,0,0,0,0,0,0
Julian Jeanvier,Brentford,5,0,Knee Injury,209,0,0,0,0,21,0,21,424,1,0,0,0,3,0,0,0,0,0,0,0,1,0,0,0,0,0,1,0,0,0,0,0,0,0,0
Juraj Kucka,Watford,1,13,Thigh Muscle Strain,0,0,0,13,0,0,0,13,13,1,0,0,0,0,1,0,0,0,0,0,0,0,0,0,0,0,0,0,0,0,0,0,0,0,0,0
Jóhann Berg Guðmundsson,Burnley,23,0,Thigh Muscle Strain,90,280,101,0,0,0,0,21,589,1,1,5,1,2,7,1,0,0,1,2,0,0,2,0,0,0,0,0,0,1,0,0,0,0,0,0
Jürgen Locadia,Brighton & Hov…,9,0,Ankle/Foot Injury,0,4,8,0,0,0,0,0,304,0,1,1,3,0,0,0,1,1,0,1,0,0,0,0,0,0,0,0,0,0,0,0,0,0,0,0
Kai Havertz,Chelsea,9,5,Knock,46,29,4,0,0,0,0,0,95,0,2,1,0,1,0,0,1,2,0,0,0,1,0,1,0,0,0,0,0,0,0,0,0,0,0,0
Kalvin Phillips,Leeds United,5,17,Calf/Shin Injury,69,0,0,0,10,28,23,94,112,9,0,1,0,1,0,0,0,0,2,0,0,0,1,0,0,0,0,0,0,0,0,0,0,0,0,0
Karl Darlow,Newcastle United,10,0,Ankle/Foot Injury,55,11,106,0,0,0,0,0,360,0,2,0,3,1,0,1,1,1,0,0,0,0,0,0,1,0,0,0,0,0,0,0,0,0,0,0
Kasper Schmeichel,Leicester City,6,0,Ankle/Foot Injury,0,0,0,0,0,0,0,0,258,0,0,0,1,1,1,0,0,0,0,0,0,0,0,0,0,0,0,0,0,0,1,0,0,0,0,0
Keinan Davis,Aston Villa,5,82,Thigh Muscle Strain,37,115,0,0,0,0,0,0,234,0,0,0,1,1,2,0,0,1,0,0,0,0,0,0,0,0,0,0,0,0,0,0,0,0,0,0
Kelechi Iheanacho,Leicester City,7,16,Toe Injury,0,4,0,0,0,0,0,0,69,0,0,0,0,0,0,1,2,0,0,0,0,0,0,0,0,1,0,0,0,0,0,0,0,2,0,0
Ken Sema,Watford,1,39,Knee Injury,0,0,0,0,0,0,0,0,39,0,0,0,0,1,0,0,0,0,0,0,0,0,0,0,0,0,0,0,0,0,0,0,0,0,0,0
Kenny McLean,Norwich City,1,0,Back Injury,0,6,0,0,0,0,0,0,6,0,0,0,0,0,0,0,0,0,0,0,1,0,0,0,0,0,0,0,0,0,0,0,0,0,0,0
Kepa Arrizabalaga,Chelsea,5,0,Hamstring,25,0,3,0,0,0,0,0,154,0,0,2,0,0,1,0,0,0,0,0,0,0,0,0,1,0,0,0,0,0,0,0,0,1,0,0
Kevin De Bruyne,Manchester City,19,48,Hamstring,63,23,159,0,0,0,0,0,377,0,3,4,3,3,0,0,0,1,1,1,1,0,0,0,0,0,0,0,0,0,0,0,0,0,0,0
Kevin Long,Burnley,7,0,Knee Injury,12,30,0,0,0,0,0,28,655,3,1,0,1,2,0,0,0,0,1,0,0,1,0,0,0,0,0,1,0,0,0,0,0,0,0,0
Kieran Dowell,Norwich City,1,7,Illness,0,0,0,0,0,0,0,0,7,0,0,0,0,0,0,0,1,0,0,0,0,0,0,0,0,0,0,0,0,0,0,0,0,0,0,0
Kieran Tierney,Arsenal,8,18,Groin/Pelvis Injury,87,139,0,0,0,0,0,0,244,0,1,0,1,2,0,2,0,1,0,0,0,0,0,0,1,0,0,0,0,0,0,0,0,0,0,0
Kiko Femenía,Watford,14,25,Knock,0,60,53,0,0,0,0,20,260,2,6,4,0,0,1,1,1,0,0,0,0,0,0,0,0,1,0,0,0,0,0,0,0,0,0,0
Kjell Scherpen,Brighton & Hov…,1,0,Ankle/Foot Injury,0,0,0,0,0,0,0,0,56,0,0,0,1,0,0,0,0,0,0,0,0,0,0,0,0,0,0,0,0,0,0,0,0,0,0,0
Kortney Hause,Aston Villa,4,0,Ankle/Foot Injury,166,21,0,0,0,0,0,0,187,0,0,0,2,0,0,1,0,0,0,0,0,0,0,0,0,0,0,0,0,0,0,0,1,0,0,0
Kostas Tsimikas,Liverpool,3,0,Hip/Thigh Injury,94,0,0,0,0,0,0,0,94,0,0,0,0,1,0,0,0,1,0,0,0,1,0,0,0,0,0,0,0,0,0,0,0,0,0,0
Kristoffer Ajer,Brentford,2,5,Ankle Fracture,0,0,0,0,0,0,0,0,77,0,0,0,0,0,0,0,0,0,0,0,0,0,0,1,0,0,0,0,0,0,0,0,0,0,0,0
Kurt Zouma,West Ham United,14,0,Knee Injury,5,0,0,2,0,0,17,87,368,3,3,2,1,4,0,0,1,0,0,0,0,0,0,0,0,0,0,1,0,0,0,2,0,0,0,0
Kwadwo Kyeremeh Baah,Watford,1,0,Ankle/Foot Injury,0,0,0,0,0,0,0,0,104,0,0,0,1,0,0,0,0,0,0,0,0,0,0,0,0,0,0,0,0,0,0,0,0,0,0,0
Kyle Walker,Manchester City,13,2,Knock,15,18,6,0,0,0,0,12,355,3,4,0,3,0,0,3,1,1,0,0,0,1,0,0,0,0,0,0,0,0,0,0,0,0,0,0
Kyle Walker Peters,Southampton,6,0,Hamstring,38,34,0,0,0,0,0,0,103,0,1,2,0,0,2,0,0,0,1,0,0,0,0,0,0,0,0,0,0,0,0,0,0,0,0,0
Leander Dendoncker,Wolverhampton …,3,0,Knock,26,0,29,0,0,0,0,19,55,3,3,0,0,0,0,0,0,0,0,0,0,0,0,0,0,0,0,0,0,0,0,0,0,0,0,0
Leandro Trossard,Brighton & Hov…,4,9,Groin/Pelvis Injury,25,47,0,0,0,0,0,0,85,0,0,1,0,0,0,2,0,0,0,0,0,0,0,0,0,0,0,0,0,0,0,0,0,0,0,0
Lee Grant,Manchester United,2,0,Knock,0,137,0,0,0,0,0,0,186,0,1,0,0,0,0,0,0,0,0,0,0,0,0,0,0,0,0,0,0,0,0,0,0,0,0,1
Leon Bailey,Aston Villa,7,58,Hamstring,32,54,40,0,6,57,0,75,217,5,2,2,0,0,2,0,0,0,0,0,0,0,0,1,0,0,0,0,0,0,0,0,0,0,0,0
Lewis Dunk,Brighton & Hov…,3,0,Ankle/Foot Injury,0,0,26,0,28,13,4,116,79,14,1,0,1,1,0,0,0,0,0,0,0,0,0,0,0,0,0,0,0,0,0,0,0,0,0,0
Liam Cooper,Leeds United,8,0,Groin/Pelvis Injury,106,11,0,0,21,0,0,98,168,6,1,1,1,0,0,2,0,0,1,0,1,0,0,0,0,0,0,0,0,0,0,0,0,0,0,0
Loris Karius,Liverpool,3,0,Broken Hand,14,13,0,0,0,0,0,0,69,0,1,0,0,0,1,0,0,0,0,0,0,0,0,0,0,0,0,0,0,0,0,0,0,0,0,0
Lucas Digne,Everton,13,2,Knee Injury,46,33,20,0,7,0,0,18,185,3,1,2,0,3,1,1,1,0,1,0,0,0,0,0,0,0,1,0,1,0,0,1,0,0,0,0
Lucas Moura,Tottenham Hotspur,14,20,Knock,8,2,24,0,0,0,0,6,186,1,4,0,1,1,0,0,1,1,0,1,1,0,0,0,0,0,0,0,0,0,0,3,1,0,0,0
Luka Milivojević,Crystal Palace,5,28,Knock,23,8,0,0,28,23,0,54,61,5,2,0,0,1,0,0,0,2,0,0,0,0,0,0,0,0,0,0,0,0,0,0,0,0,0,0
Lukas Rupp,Norwich City,3,0,Ankle/Foot Injury,0,0,0,0,0,0,0,0,508,0,0,0,1,0,0,0,0,1,0,0,0,0,0,0,0,0,0,0,0,1,0,0,0,0,0,0
Luke Ayling,Leeds United,1,77,Knee Injury,0,0,0,0,0,0,14,40,77,3,0,0,0,1,0,0,0,0,0,0,0,0,0,0,0,0,0,0,0,0,0,0,0,0,0,0
Luke Shaw,Manchester United,29,36,Ankle/Foot Injury,32,89,56,0,0,0,31,34,915,3,6,4,6,1,1,0,2,0,1,2,0,0,0,0,0,1,0,0,1,0,2,0,0,0,0,0
Lyanco,Southampton,1,0,Virus,0,0,0,0,0,0,0,0,9,0,0,0,0,0,0,0,0,1,0,0,0,0,0,0,0,0,0,0,0,0,0,0,0,0,0,0
Mads Bech Sørensen,Brentford,1,93,Knee Injury,0,0,0,0,0,0,0,0,93,0,0,0,0,1,0,0,0,0,0,0,0,0,0,0,0,0,0,0,0,0,0,0,0,0,0,0
Mads Roerslev,Brentford,1,0,Virus,0,0,0,0,0,0,0,0,17,0,0,0,0,0,0,0,0,1,0,0,0,0,0,0,0,0,0,0,0,0,0,0,0,0,0,0
Mahmoud Ahmed Ibrahim Hassan,Aston Villa,2,0,Head Injury,52,0,0,0,0,16,0,16,295,1,0,0,0,1,0,0,0,0,0,0,0,0,0,0,0,1,0,0,0,0,0,0,0,0,0,0
Malang Sarr,Chelsea,4,0,Back Injury,0,55,4,0,0,0,0,2,71,1,0,0,0,0,0,0,0,0,0,0,2,0,0,0,0,0,0,0,1,0,0,0,0,0,0,0
Manuel Lanzini,West Ham United,16,1,Thigh Muscle Strain,55,55,19,0,0,0,0,7,632,2,2,1,1,3,4,1,0,0,0,1,0,0,0,0,1,0,0,1,0,0,0,0,1,0,0,0
Marc Albrighton,Leicester City,11,29,Groin Strain,0,12,69,0,0,0,0,13,466,2,2,1,1,0,1,0,1,0,0,2,0,0,0,0,0,0,0,0,0,0,0,0,0,0,0,0
Marc Cucurella,Brighton & Hov…,0,0,,0,0,0,0,7,7,4,24,0,4,0,0,0,0,0,0,0,0,0,0,0,0,0,0,0,0,0,0,0,0,0,0,0,0,0,0
Marcos Alonso,Chelsea,8,16,Ankle/Foot Injury,0,28,27,0,0,0,0,15,272,2,1,2,3,0,0,0,0,0,0,0,1,0,0,0,0,0,0,0,0,0,0,0,0,0,0,0
Marcus Bettinelli,Chelsea,1,0,Knee Injury,0,0,119,0,0,0,0,8,119,1,0,0,0,1,0,0,0,0,0,0,0,0,0,0,0,0,0,0,0,0,0,0,0,0,0,0
Marcus Forss,Brentford,0,0,,0,0,0,0,0,7,0,7,0,1,0,0,0,0,0,0,0,0,0,0,0,0,0,0,0,0,0,0,0,0,0,0,0,0,0,0
Marcus Rashford,Manchester United,16,1,Ankle/Foot Injury,31,147,21,0,0,0,24,24,263,1,3,0,5,0,0,2,0,0,0,0,1,0,0,1,3,0,0,0,0,0,0,0,0,0,0,0
Mark Gillespie,Newcastle United,0,0,,0,0,0,0,0,0,0,11,0,2,0,0,0,0,0,0,0,0,0,0,0,0,0,0,0,0,0,0,0,0,0,0,0,0,0,0
Mark Noble,West Ham United,24,0,Ankle/Foot Injury,63,37,11,0,0,0,14,410,347,6,1,3,4,2,1,0,0,0,1,0,1,0,1,0,0,0,0,0,0,0,0,0,0,0,1,2
Martin Dúbravka,Newcastle United,5,0,Ankle/Foot Injury,133,0,0,0,0,0,0,0,242,0,1,1,2,0,0,1,0,0,0,0,0,0,0,0,0,0,0,0,0,0,0,0,0,0,0,0
Martin Kelly,Crystal Palace,14,0,Calf/Shin Injury,52,66,24,0,0,0,0,0,610,0,2,2,0,1,1,2,0,0,3,1,0,0,0,0,0,0,0,1,0,0,0,0,0,0,0,0
Martin Ødegaard,Arsenal,10,0,Knee Injury,62,15,9,0,0,0,0,0,188,0,1,0,1,2,0,0,1,0,0,0,0,0,1,0,0,0,1,0,1,0,0,0,0,0,0,0
Martinelli,Arsenal,6,1,Knock,9,15,0,0,0,0,0,0,194,0,2,0,1,1,1,0,0,0,1,0,0,0,0,0,0,0,0,0,0,0,0,0,0,0,0,0
Marvelous Nakamba,Aston Villa,3,7,Groin/Pelvis Injury,0,0,0,0,0,0,7,36,132,4,0,1,0,1,0,1,0,0,0,0,0,0,0,0,0,0,0,0,0,0,0,0,0,0,0,0
Mason Greenwood,Manchester United,10,7,Knock,36,18,46,0,0,0,0,0,107,0,4,0,1,0,0,0,2,1,0,0,1,0,0,0,0,0,0,0,0,0,0,0,0,0,0,0
Mason Holgate,Everton,6,0,Ankle/Foot Injury,49,8,0,24,0,0,0,41,158,2,0,0,3,0,0,0,0,0,2,1,0,0,0,0,0,0,0,0,0,0,0,0,0,0,0,0
Mason Mount,Chelsea,3,7,Ankle/Foot Injury,0,4,0,0,0,0,0,0,11,0,1,0,2,0,0,0,0,0,0,0,0,0,0,0,0,0,0,0,0,0,0,0,0,0,0,0
Mateo Kovačić,Chelsea,17,50,Knock,36,116,33,0,3,4,0,13,320,3,6,0,1,1,3,0,0,1,3,0,0,0,0,0,1,0,0,0,0,0,0,1,0,0,0,0
Mateusz Klich,Leeds United,4,17,Broken Toe,4,0,0,0,0,0,0,6,45,1,0,0,0,0,1,1,0,1,0,0,0,0,0,0,0,0,0,0,0,0,0,0,0,0,0,0
Mathias Jensen,Brentford,3,16,Hamstring,0,0,76,0,0,0,0,0,138,0,1,1,0,0,1,0,0,0,0,0,0,0,0,0,0,0,0,0,0,0,0,0,0,0,0,0
Mathias Jørgensen,Brentford,4,0,Ankle/Foot Injury,0,0,43,0,0,0,15,32,109,2,1,0,1,0,0,0,1,0,0,0,0,0,0,1,0,0,0,0,0,0,0,0,0,0,0,0
Mathias Normann,Norwich City,2,5,Groin/Pelvis Injury,0,0,0,0,0,0,0,0,42,0,0,0,0,1,0,1,0,0,0,0,0,0,0,0,0,0,0,0,0,0,0,0,0,0,0,0
Matt Doherty,Tottenham Hotspur,8,7,Knock,42,21,21,0,0,0,0,20,91,1,3,1,0,1,0,0,1,1,0,0,0,0,0,0,0,0,0,0,0,0,0,0,0,0,0,0
Matt Ritchie,Newcastle United,11,0,Knock,65,135,18,4,0,0,5,16,255,3,3,1,0,1,2,0,0,1,1,0,0,0,0,0,1,0,0,0,1,0,0,0,0,0,0,0
Matt Targett,Aston Villa,17,13,Knock,1,61,13,0,0,0,0,0,386,0,4,3,2,2,2,1,0,0,0,0,0,0,0,0,0,2,0,0,0,0,1,0,0,0,0,0
Matthew Lowton,Burnley,9,0,Knock,24,128,27,0,0,0,4,12,373,2,3,0,1,2,0,0,0,1,0,0,0,1,0,0,0,0,0,0,0,0,0,0,0,1,0,0
Matty Cash,Aston Villa,3,4,Hamstring,41,0,0,0,9,0,0,9,45,2,0,2,0,0,1,0,0,0,0,0,0,0,0,0,0,0,0,0,0,0,0,0,0,0,0,0
Matěj Vydra,Burnley,7,24,Back Injury,33,29,0,0,0,0,0,0,135,0,0,2,0,0,1,1,0,0,0,0,2,1,0,0,0,0,0,0,0,0,0,0,0,0,0,0
Max Aarons,Norwich City,1,0,Ankle/Foot Injury,0,16,0,0,0,0,0,0,16,0,0,0,1,0,0,0,0,0,0,0,0,0,0,0,0,0,0,0,0,0,0,0,0,0,0,0
Maxwel Cornet,Burnley,17,32,Thigh Muscle Strain,8,23,54,6,6,0,0,16,236,3,1,0,2,0,7,0,2,0,1,0,0,1,1,1,0,0,0,0,0,0,0,1,0,0,0,0
Michael Keane,Everton,10,5,Head Injury,13,3,35,0,0,0,0,0,196,0,1,0,1,0,1,0,1,0,1,0,0,0,0,0,0,2,1,0,0,0,0,0,0,0,0,0
Michael Olise,Crystal Palace,2,28,Back Injury,0,0,0,0,0,0,0,0,32,0,0,0,0,0,0,0,0,1,0,0,1,0,0,0,0,0,0,0,0,0,0,0,0,0,0,0
Michail Antonio,West Ham United,21,0,Hamstring,104,112,5,3,0,0,0,13,528,2,1,5,1,0,3,1,1,0,0,2,0,0,3,1,1,0,0,0,0,0,0,0,2,0,0,0
Miguel Almirón,Newcastle United,8,0,Hamstring,24,30,40,0,0,0,0,0,94,0,2,2,1,1,1,1,0,0,0,0,0,0,0,0,0,0,0,0,0,0,0,0,0,0,0,0
Milot Rashica,Norwich City,12,2,Ankle/Foot Injury,93,39,0,0,0,0,0,0,214,0,2,1,2,2,1,1,0,1,0,2,0,0,0,0,0,0,0,0,0,0,0,0,0,0,0,0
Mohamed Elneny,Arsenal,5,24,Thigh Muscle Strain,12,0,29,0,0,0,0,0,86,0,0,0,0,0,2,0,1,1,0,0,0,0,0,0,0,0,0,0,1,0,0,0,0,0,0,0
Mohamed Elyounoussi,Southampton,5,13,Hamstring,0,0,29,0,0,0,0,0,42,0,2,2,0,0,0,0,0,0,0,0,0,0,0,0,0,0,0,0,0,0,0,0,0,0,0,0
Mohamed Salah,Liverpool,9,0,Ankle/Foot Injury,11,27,12,0,0,0,0,0,87,0,0,1,2,1,0,1,0,1,0,1,0,0,0,0,1,1,0,0,0,0,0,0,0,0,0,0
Mohammed Salisu,Southampton,4,0,Hamstring,51,20,0,12,0,0,0,12,225,2,2,2,0,0,0,0,0,0,0,0,0,0,0,0,0,0,0,0,0,0,0,0,0,0,0,0
Morgan Sanson,Aston Villa,12,42,Knee Injury,29,0,18,0,0,12,4,24,498,3,2,1,0,3,0,0,1,1,0,2,0,0,1,0,0,0,0,0,0,1,0,0,0,0,0,0
Moussa Djenepo,Southampton,10,26,Knock,52,99,0,0,0,113,15,128,177,3,5,1,0,0,2,1,0,0,0,0,0,0,1,0,0,0,0,0,0,0,0,0,0,0,0,0
Moussa Sissoko,Watford,12,0,Hamstring,0,151,54,0,0,2,0,36,347,5,1,3,1,2,0,1,0,0,0,2,0,1,0,0,0,0,0,0,0,0,1,0,0,0,0,0
N'Golo Kanté,Chelsea,22,60,Hamstring,34,206,29,0,0,0,0,31,379,3,3,7,1,2,2,2,1,1,0,0,1,0,0,0,0,0,0,0,0,0,0,0,1,0,0,0
Naby Keïta,Liverpool,17,52,Groin/Pelvis Injury,120,72,74,0,0,0,0,0,318,0,3,2,1,0,2,3,1,1,1,0,1,0,0,0,0,0,0,0,0,1,0,0,1,0,0,0
Nampalys Mendy,Leicester City,9,0,Ankle/Foot Injury,6,44,18,0,0,0,0,24,496,3,1,0,2,1,0,2,0,0,0,1,0,0,0,0,0,0,0,0,0,0,0,1,0,0,0,0
Nathan Aké,Manchester City,11,2,Hamstring,105,64,7,0,0,0,0,28,218,2,1,4,1,0,0,1,0,0,0,1,1,0,0,0,0,1,0,0,0,0,0,0,0,1,0,0
Nathan Collins,Burnley,1,18,Knock,0,0,0,0,0,11,0,11,18,1,1,0,0,0,0,0,0,0,0,0,0,0,0,0,0,0,0,0,0,0,0,0,0,0,0,0
Nathan Ferguson,Crystal Palace,2,135,Calf Muscle Strain,170,0,0,0,0,28,0,28,305,1,0,0,0,0,1,0,0,0,0,0,0,0,1,0,0,0,0,0,0,0,0,0,0,0,0,0
Nathan Redmond,Southampton,11,0,Ankle/Foot Injury,80,128,4,0,0,0,0,3,272,1,3,0,3,0,1,1,0,0,0,0,0,2,0,1,0,0,0,0,0,0,0,0,0,0,0,0
Nathan Tella,Southampton,3,0,Knock,30,32,0,0,0,0,0,0,63,0,2,0,0,0,0,0,0,1,0,0,0,0,0,0,0,0,0,0,0,0,0,0,0,0,0,0
Nathaniel Clyne,Crystal Palace,15,0,Knock,75,0,30,0,0,0,0,0,840,0,4,2,1,2,0,0,1,1,0,1,2,0,0,0,0,0,0,0,0,0,0,0,1,0,0,0
Nathaniel Phillips,Liverpool,3,0,Back Injury,19,0,0,0,0,0,0,0,56,0,0,0,0,0,0,0,0,0,0,0,1,0,0,1,0,1,0,0,0,0,0,0,0,0,0,0
Neal Maupay,Brighton & Hov…,5,5,Knee Injury,7,5,0,0,14,0,0,27,298,3,0,0,0,1,1,0,0,0,0,0,0,0,0,0,1,0,0,0,0,1,0,1,0,0,0,0
Neco Williams,Liverpool,2,48,Ankle/Foot Injury,2,0,0,0,0,0,0,0,50,0,0,0,2,0,0,0,0,0,0,0,0,0,0,0,0,0,0,0,0,0,0,0,0,0,0,0
Nemanja Matić,Manchester United,12,12,Knock,0,52,52,0,0,2,7,28,196,6,6,0,1,0,0,0,2,0,0,0,0,0,1,0,0,1,0,0,0,0,0,0,0,0,0,0
Nick Pope,Burnley,6,0,Shoulder Injury,34,0,0,0,0,0,0,0,190,0,0,0,1,0,0,0,0,1,0,0,0,0,0,0,2,1,0,0,0,0,0,0,0,0,0,0
Nicolas Nkoulou,Watford,6,9,Knee Injury,0,0,0,0,0,0,0,76,119,8,1,1,0,3,0,0,1,0,0,0,0,0,0,0,0,0,0,0,0,0,0,0,0,0,0,0
Nicolas Pépé,Arsenal,2,0,Ankle/Foot Injury,0,4,0,0,22,0,0,22,10,1,0,0,1,1,0,0,0,0,0,0,0,0,0,0,0,0,0,0,0,0,0,0,0,0,0,0
Nikola Vlašić,West Ham United,1,9,Knock,0,0,0,0,0,0,0,0,9,0,1,0,0,0,0,0,0,0,0,0,0,0,0,0,0,0,0,0,0,0,0,0,0,0,0,0
Nélson Semedo,Wolverhampton …,3,0,Calf Muscle Strain,6,33,0,0,0,0,0,0,72,0,1,1,0,0,0,0,0,0,0,0,0,0,1,0,0,0,0,0,0,0,0,0,0,0,0,0
Oghenekaro Etebo,Watford,9,0,Hamstring,33,12,0,0,0,0,17,17,307,1,3,3,0,0,1,0,0,1,0,0,0,0,0,1,0,0,0,0,0,0,0,0,0,0,0,0
Oleksandr Zinchenko,Manchester City,10,29,Knock,43,58,26,0,0,7,0,7,193,1,5,0,0,1,1,0,1,0,0,0,0,0,1,0,0,0,0,0,0,0,0,0,0,0,0,0
Oliver Skipp,Tottenham Hotspur,2,14,Groin/Pelvis Injury,0,0,0,14,0,0,0,14,14,1,0,0,0,0,0,1,0,1,0,0,0,0,0,0,0,0,0,0,0,0,0,0,0,0,0,0
Ollie Watkins,Aston Villa,1,14,Knee Injury,0,0,0,0,4,0,0,4,14,1,0,0,0,1,0,0,0,0,0,0,0,0,0,0,0,0,0,0,0,0,0,0,0,0,0,0
Oriol Romeu,Southampton,7,0,Calf/Shin Injury,121,0,0,7,7,0,0,40,396,6,0,2,1,0,0,0,0,0,2,0,0,0,0,0,0,0,0,1,0,0,0,0,0,0,0,0
Ozan Kabak,Norwich City,9,18,Knock,30,92,0,0,38,0,0,38,198,2,4,0,0,0,0,0,1,0,0,1,2,0,0,0,0,0,1,0,0,0,0,0,0,0,0,0
Ozan Tufan,Watford,2,1,Knock,11,0,0,0,0,0,0,0,12,0,1,0,0,0,0,0,0,1,0,0,0,0,0,0,0,0,0,0,0,0,0,0,0,0,0,0
Pablo Fornals,West Ham United,4,0,Broken Finger,25,0,0,0,0,0,8,14,54,2,0,0,0,0,0,1,1,1,0,0,0,0,0,0,0,0,0,0,0,0,0,0,0,0,0,0
Pablo Marí,Arsenal,5,1,Ankle/Foot Injury,25,0,0,0,0,0,12,34,221,5,0,0,3,0,0,0,0,1,1,0,0,0,0,0,0,0,0,0,0,0,0,0,0,0,0,0
Pascal Groß,Brighton & Hov…,2,0,Ankle/Foot Injury,0,0,117,0,0,0,0,0,117,0,0,1,1,0,0,0,0,0,0,0,0,0,0,0,0,0,0,0,0,0,0,0,0,0,0,0
Pascal Struijk,Leeds United,2,0,Knock,4,0,0,31,0,0,0,31,37,2,2,0,0,0,0,0,0,0,0,0,0,0,0,0,0,0,0,0,0,0,0,0,0,0,0,0
Patrick Bamford,Leeds United,7,77,Ankle/Foot Injury,18,0,0,0,0,0,0,0,133,0,1,1,1,0,1,0,1,0,1,0,0,1,0,0,0,0,0,0,0,0,0,0,0,0,0,0
Patson Daka,Leicester City,1,0,Thigh Muscle Strain,0,0,0,0,0,0,0,0,8,0,0,0,0,0,1,0,0,0,0,0,0,0,0,0,0,0,0,0,0,0,0,0,0,0,0,0
Paul Dummett,Newcastle United,19,0,Hamstring,111,177,96,0,0,0,0,0,905,0,0,11,0,1,2,1,1,0,1,0,0,1,0,1,0,0,0,0,0,0,0,0,0,0,0,0
Paul Pogba,Manchester United,20,0,Knock,72,276,27,27,0,0,0,48,572,4,6,2,4,0,3,0,1,1,0,0,1,0,0,0,0,0,2,0,0,0,0,0,0,0,0,0
Pedro Lomba Neto,Wolverhampton …,5,0,Knee Injury,51,25,0,0,0,0,0,0,221,0,1,0,0,2,1,0,0,0,1,0,0,0,0,0,0,0,0,0,0,0,0,0,0,0,0,0
Pelenda Joshua Tunga Dasilva,Brentford,1,0,Groin/Pelvis Injury,0,0,0,0,12,0,0,12,180,2,0,0,0,0,0,1,0,0,0,0,0,0,0,0,0,0,0,0,0,0,0,0,0,0,0,0
Phil Bardsley,Burnley,23,9,Knock,53,25,77,0,0,0,0,43,440,3,5,3,4,2,1,1,2,1,0,0,1,1,1,0,0,0,0,0,0,0,0,0,0,0,0,0
Phil Jones,Manchester United,34,0,Knock,0,23,67,0,0,0,0,3,1440,1,10,1,7,4,0,1,3,0,1,0,1,1,0,0,0,0,0,0,0,1,1,0,0,1,0,0
Philip Foden,Manchester City,7,14,Ankle/Foot Injury,0,10,0,0,0,0,0,0,140,0,2,0,2,0,0,0,2,0,0,0,0,0,0,0,0,0,1,0,0,0,0,0,0,0,0,0
Pierre Emerick Aubameyang,Arsenal,11,6,Knock,39,7,28,23,0,27,0,50,88,4,3,0,0,0,0,0,3,1,1,0,0,2,0,0,0,0,0,0,0,0,0,0,0,0,0,0
Pierre Højbjerg,Tottenham Hotspur,5,12,Ankle/Foot Injury,0,12,16,0,0,0,8,8,45,2,1,0,1,1,0,0,1,0,0,0,0,0,0,0,0,0,0,0,0,0,1,0,0,0,0,0
Pierre Lees Melou,Norwich City,6,5,Ankle Ligaments,35,0,61,0,6,5,4,40,146,6,0,1,0,0,1,1,1,0,0,0,0,0,0,0,0,0,0,0,1,0,0,0,0,0,0,0
Pontus Jansson,Brentford,0,0,,0,0,0,0,0,0,7,40,0,6,0,0,0,0,0,0,0,0,0,0,0,0,0,0,0,0,0,0,0,0,0,0,0,0,0,0
Przemysław Płacheta,Norwich City,1,63,Virus,0,0,0,0,0,0,0,0,63,0,0,0,0,0,0,0,0,1,0,0,0,0,0,0,0,0,0,0,0,0,0,0,0,0,0,0
Raheem Sterling,Manchester City,12,1,Knock,10,22,12,0,0,0,0,14,233,1,3,0,1,1,1,0,0,0,0,1,2,1,2,0,0,0,0,0,0,0,0,0,0,0,0,0
Raphael Dias Belloli,Leeds United,8,19,Groin/Pelvis Injury,39,6,0,0,0,0,0,0,64,0,2,0,1,0,0,2,1,0,0,0,1,0,0,1,0,0,0,0,0,0,0,0,0,0,0,0
Raphaël Varane,Manchester United,20,67,Hamstring,32,6,11,0,0,0,7,15,461,2,2,6,0,4,2,2,0,2,0,0,1,0,1,0,0,0,0,0,0,0,0,0,0,0,0,0
Rayan Aït Nouri,Wolverhampton …,12,8,Knock,56,81,19,0,0,0,0,0,193,0,3,0,0,0,0,2,1,1,0,2,0,0,0,0,0,1,0,0,1,0,0,0,0,0,0,0
Raúl Jiménez,Wolverhampton …,3,0,Head Injury,182,0,6,4,0,0,0,4,193,1,1,0,0,0,0,0,0,0,0,0,0,0,0,0,0,1,0,0,0,0,0,1,0,0,0,0
Reece James,Chelsea,9,23,Ankle/Foot Injury,28,72,0,14,0,0,0,14,128,1,2,1,3,1,1,0,0,0,0,0,0,0,0,0,0,0,0,0,1,0,0,0,0,0,0,0
Ricardo Pereira,Leicester City,10,33,Calf/Shin Injury,20,0,0,0,0,0,0,12,495,2,0,2,0,2,2,0,0,0,2,0,0,2,0,0,0,0,0,0,0,0,0,0,0,0,0,0
Richarlison,Everton,14,38,Knock,16,29,45,7,21,0,27,55,150,4,4,0,1,2,1,0,1,0,1,0,0,0,1,0,0,1,0,0,0,0,0,0,2,0,0,0
Rico Henry,Brentford,2,2,Knock,0,0,0,0,0,0,0,0,14,0,1,0,0,0,0,0,0,0,0,0,0,0,0,1,0,0,0,0,0,0,0,0,0,0,0,0
Riyad Mahrez,Manchester City,1,0,Knock,0,0,0,0,0,0,0,0,2,0,1,0,0,0,0,0,0,0,0,0,0,0,0,0,0,0,0,0,0,0,0,0,0,0,0,0
Rob Elliot,Watford,8,0,Thigh Muscle Strain,0,0,213,0,0,0,0,7,489,1,1,0,0,2,3,1,0,0,0,0,0,0,0,0,0,0,0,1,0,0,0,0,0,0,0,0
Rob Holding,Arsenal,6,22,Knee Injury,15,51,0,0,0,0,0,3,356,1,1,0,0,2,0,0,0,0,0,0,0,0,0,1,0,1,0,1,0,0,0,0,0,0,0,0
Robert Sánchez,Brighton & Hov…,0,0,,0,0,0,14,0,0,0,14,0,1,0,0,0,0,0,0,0,0,0,0,0,0,0,0,0,0,0,0,0,0,0,0,0,0,0,0
Roberto Firmino,Liverpool,12,68,Knock,27,0,11,0,0,0,0,0,184,0,2,1,1,1,1,0,0,0,1,1,1,0,0,1,0,0,0,0,0,0,0,0,0,0,0,0
Robin Koch,Leeds United,10,124,Back Injury,118,21,52,0,0,0,0,0,315,0,1,0,1,1,0,1,1,0,0,0,3,0,0,0,0,1,0,1,0,0,0,0,0,0,0,0
Rodri,Manchester City,5,8,Knock,1,18,0,0,0,0,14,21,38,2,2,1,0,0,0,0,0,1,0,0,0,0,0,0,0,0,0,0,0,0,0,0,0,0,0,0
Rodrigo,Leeds United,15,10,Knock,98,43,19,0,0,3,3,147,431,7,3,2,1,2,0,1,0,1,0,0,0,0,0,0,0,0,1,1,0,1,0,0,0,0,0,0
Romain Perraud,Southampton,1,0,Groin/Pelvis Injury,0,15,0,0,0,0,0,0,15,0,0,0,0,0,0,1,0,0,0,0,0,0,0,0,0,0,0,0,0,0,0,0,0,0,0,0
Romain Saïss,Wolverhampton …,6,0,Knock,35,26,0,0,0,8,0,38,81,5,4,1,0,0,0,0,0,1,0,0,0,0,0,0,0,0,0,0,0,0,0,0,0,0,0,0
Romelu Lukaku,Chelsea,20,53,Hamstring,0,0,59,0,0,0,0,2,235,1,1,4,2,1,0,0,0,2,0,1,1,0,0,0,0,1,2,0,1,1,0,0,0,1,0,0
Ross Barkley,Chelsea,17,0,Hamstring,58,56,8,0,0,0,0,0,582,0,3,3,2,2,0,0,1,0,0,1,1,0,1,0,0,0,0,0,0,0,0,0,0,0,0,0
Ruben Loftus Cheek,Chelsea,19,16,Knock,24,0,56,0,0,0,0,0,673,0,5,2,2,0,1,1,0,1,1,1,4,0,0,0,0,0,1,0,0,0,0,0,0,0,0,0
Ryan Bertrand,Leicester City,23,47,Knee Injury,62,26,83,0,3,11,14,49,541,4,3,5,2,6,0,1,1,1,2,0,2,0,0,0,0,0,0,0,0,0,0,0,0,0,0,0
Ryan Fraser,Newcastle United,21,11,Knock,123,28,28,0,6,0,0,6,241,1,7,6,2,0,0,2,1,0,0,0,2,0,0,1,0,0,0,0,0,0,0,0,0,0,0,0
Ryan Fredericks,West Ham United,12,45,Groin/Pelvis Injury,98,146,87,0,0,12,0,26,376,2,2,0,1,0,2,4,0,1,1,0,0,0,0,0,1,0,0,0,0,0,0,0,0,0,0,0
Ryan Sessegnon,Tottenham Hotspur,6,60,Knock,42,86,11,0,0,0,0,0,212,0,2,0,0,0,2,0,0,0,0,1,0,1,0,0,0,0,0,0,0,0,0,0,0,0,0,0
Rúben Dias,Manchester City,1,0,Knock,4,0,0,0,0,0,0,0,4,0,1,0,0,0,0,0,0,0,0,0,0,0,0,0,0,0,0,0,0,0,0,0,0,0,0,0
Rúben Neves,Wolverhampton …,1,0,Virus,12,0,0,5,0,0,5,33,12,4,0,0,0,0,0,0,0,1,0,0,0,0,0,0,0,0,0,0,0,0,0,0,0,0,0,0
Sadio Mané,Liverpool,18,0,Knock,20,24,22,0,0,0,0,27,274,3,5,3,1,1,2,0,1,1,0,0,0,0,1,0,0,0,1,0,0,0,0,0,0,0,0,1
Salomón Rondón,Everton,9,8,Hamstring,0,0,33,0,0,0,0,14,93,1,2,3,0,0,1,0,0,0,0,0,1,0,0,1,0,0,0,0,0,0,0,0,0,0,0,0
Sam Byram,Norwich City,9,49,Knock,0,0,0,0,0,0,0,40,776,4,3,2,1,0,1,0,0,0,0,0,0,1,0,1,0,0,0,0,0,0,0,0,0,0,0,0
Saman Ghoddos,Brentford,2,0,Appendicitis,0,41,31,0,0,127,0,127,72,1,0,0,0,0,1,0,0,0,0,0,0,0,0,0,0,0,0,0,0,0,0,0,0,0,0,0
Saïd Benrahma,West Ham United,2,0,Knock,14,0,0,0,0,0,3,3,53,1,1,0,0,0,0,0,0,0,0,0,0,0,0,0,0,0,0,0,0,0,0,1,0,0,0,0
Saúl Ñíguez,Chelsea,6,0,Hamstring,20,0,17,0,3,16,13,76,96,10,1,2,1,0,0,0,0,0,0,0,0,0,0,0,0,0,0,0,0,0,0,0,0,0,0,0
Scott Carson,Manchester City,1,0,Virus,37,0,0,0,0,0,0,0,37,0,0,0,0,0,0,0,0,1,0,0,0,0,0,0,0,0,0,0,0,0,0,0,0,0,0,0
Scott McTominay,Manchester United,13,33,Knock,22,80,57,0,0,0,0,0,196,0,6,0,1,3,0,2,0,1,0,0,0,0,0,0,0,0,0,0,0,0,0,0,0,0,0,0
Sead Kolašinac,Arsenal,17,0,Thigh Muscle Strain,41,172,74,0,3,0,0,3,377,1,2,2,3,2,4,0,0,1,0,0,0,1,0,0,1,0,0,0,1,0,0,0,0,0,0,0
Sean Longstaff,Newcastle United,4,0,Ankle/Foot Injury,0,161,89,0,0,29,0,29,250,1,1,0,1,0,1,0,0,0,0,0,0,0,0,0,0,0,0,0,0,0,0,0,0,0,0,0
Sergi Canós,Brentford,1,2,Knock,0,0,0,6,0,0,0,23,2,2,1,0,0,0,0,0,0,0,0,0,0,0,0,0,0,0,0,0,0,0,0,0,0,0,0,0
Sergio Reguilón,Tottenham Hotspur,8,12,Knock,46,0,30,0,0,13,0,13,88,1,5,1,1,0,0,0,0,0,0,0,0,0,0,0,0,0,0,0,0,0,0,0,0,1,0,0
Shandon Baptiste,Brentford,1,46,Shoulder Injury,0,0,0,0,0,0,4,4,46,1,0,0,0,0,0,0,0,0,0,0,0,0,0,0,1,0,0,0,0,0,0,0,0,0,0,0
Shane Duffy,Brighton & Hov…,4,0,Calf/Shin Injury,0,35,0,11,0,0,18,35,37,4,0,0,0,0,0,1,0,1,2,0,0,0,0,0,0,0,0,0,0,0,0,0,0,0,0,0
Shane Long,Southampton,28,16,Knee Injury,0,17,93,0,0,0,0,0,457,0,4,4,3,5,0,1,0,1,2,0,0,2,0,0,0,1,1,0,1,0,0,0,0,1,0,0
Solly March,Brighton & Hov…,6,0,Ankle/Foot Injury,134,55,15,0,0,0,0,0,208,0,0,0,2,2,1,1,0,0,0,0,0,0,0,0,0,0,0,0,0,0,0,0,0,0,0,0
Son Heung min,Tottenham Hotspur,8,24,Broken Arm,22,43,1,0,0,11,0,116,186,3,0,1,1,0,1,0,0,1,2,0,0,0,0,0,0,0,0,0,0,0,0,0,0,0,0,0
Steven Alzate,Brighton & Hov…,3,76,Ankle/Foot Injury,18,0,0,0,0,0,0,0,164,0,0,0,1,0,0,1,1,0,0,0,0,0,0,0,0,0,0,0,0,0,0,0,0,0,0,0
Steven Bergwijn,Tottenham Hotspur,9,29,Ankle/Foot Injury,20,115,12,0,0,0,0,7,235,1,2,1,4,1,0,0,0,0,1,0,0,0,0,0,0,0,0,0,0,0,0,0,0,0,0,0
Stuart Armstrong,Southampton,15,84,Calf/Shin Injury,50,58,37,0,0,0,0,0,229,0,3,2,0,0,1,1,0,1,3,0,0,0,1,0,0,0,0,0,0,0,1,0,0,0,0,0
Séamus Coleman,Everton,34,27,Hamstring,72,124,80,0,0,14,0,102,965,2,3,8,2,0,7,1,3,0,0,0,0,2,0,2,0,1,1,0,0,0,0,1,2,0,0,0
Takehiro Tomiyasu,Arsenal,2,6,Calf/Shin Injury,0,0,0,0,0,0,0,0,11,0,0,0,0,0,0,0,0,1,1,0,0,0,0,0,0,0,0,0,0,0,0,0,0,0,0,0
Takumi Minamino,Liverpool,2,11,Thigh Muscle Strain,9,0,0,0,0,0,0,0,20,0,0,0,0,0,2,0,0,0,0,0,0,0,0,0,0,0,0,0,0,0,0,0,0,0,0,0
Tanguy Ndombele,Tottenham Hotspur,10,20,Knock,14,85,17,0,0,0,0,0,146,0,4,1,0,0,0,3,0,1,0,0,0,0,0,0,0,0,0,0,0,0,1,0,0,0,0,0
Tariq Lamptey,Brighton & Hov…,4,37,Hamstring,185,0,0,0,7,0,0,7,222,1,1,1,0,0,1,0,0,0,0,0,0,1,0,0,0,0,0,0,0,0,0,0,0,0,0,0
Tariqe Fosu,Brentford,1,0,Knee Injury,0,0,0,0,0,0,21,21,60,1,0,0,0,1,0,0,0,0,0,0,0,0,0,0,0,0,0,0,0,0,0,0,0,0,0,0
Taylor Richards,Brighton & Hov…,1,12,Back Injury,0,0,0,0,0,0,0,0,12,0,0,0,0,0,0,0,0,0,0,0,1,0,0,0,0,0,0,0,0,0,0,0,0,0,0,0
Teemu Pukki,Norwich City,2,0,Ankle/Foot Injury,0,20,0,0,0,0,0,0,20,0,0,0,1,0,1,0,0,0,0,0,0,0,0,0,0,0,0,0,0,0,0,0,0,0,0,0
Theo Walcott,Southampton,28,22,Calf Muscle Strain,77,95,17,0,0,0,0,0,866,0,2,2,3,1,1,1,2,0,1,1,0,0,5,1,1,1,0,1,0,0,0,0,2,0,0,0
Thiago Alcántara,Liverpool,13,65,Calf/Shin Injury,97,38,35,0,0,3,0,3,374,1,2,0,1,2,0,1,0,2,2,0,0,2,1,0,0,0,0,0,0,0,0,0,0,0,0,0
Thiago Silva,Chelsea,24,0,Thigh Muscle Strain,64,39,54,0,11,0,2,30,449,4,4,2,0,3,8,1,1,0,1,1,0,3,0,0,0,0,0,0,0,0,0,0,0,0,0,0
Thomas Partey,Arsenal,8,52,Hamstring,84,4,0,0,0,19,14,186,156,12,2,2,0,0,1,1,0,0,0,0,0,1,0,0,0,0,0,0,1,0,0,0,0,0,0,0
Tim Krul,Norwich City,11,0,Ankle/Foot Injury,0,38,0,0,0,0,0,0,540,0,1,0,2,1,0,0,0,1,0,0,1,0,0,0,1,0,0,1,0,0,0,0,0,0,0,0
Timo Werner,Chelsea,8,29,Thigh Muscle Strain,6,5,22,0,0,0,0,0,80,0,1,1,0,0,2,0,1,1,0,0,0,1,0,0,0,0,0,0,0,0,0,0,0,1,0,0
Timothy Castagne,Leicester City,4,1,Thigh Muscle Strain,72,0,0,0,0,0,0,4,143,1,0,0,0,0,2,0,0,0,0,0,0,0,0,1,0,0,0,0,0,0,0,0,0,0,0,0
Todd Cantwell,Norwich City,6,37,Ankle/Foot Injury,0,18,0,0,0,0,0,0,55,0,1,1,2,0,1,0,0,0,1,0,0,0,0,0,0,0,0,0,0,0,0,0,0,0,0,0
Tom Cleverley,Watford,20,5,Ankle/Foot Injury,0,115,40,0,0,0,0,10,759,2,3,3,4,2,0,0,1,0,3,0,0,0,1,0,0,1,0,0,0,0,0,0,0,0,1,0
Tom Davies,Everton,5,18,Knock,18,0,0,0,0,0,0,8,96,1,3,1,0,1,0,0,0,0,0,0,0,0,0,0,0,0,0,0,0,0,0,0,0,0,0,0
Tom Heaton,Manchester United,7,0,Calf Muscle Strain,32,14,0,0,0,0,0,0,647,0,1,0,0,0,0,0,0,0,1,0,0,0,3,0,1,0,0,0,0,0,0,0,0,0,0,0
Tomáš Souček,West Ham United,1,0,Groin Strain,0,10,0,0,0,0,0,0,10,0,0,0,0,0,0,0,0,0,0,1,0,0,0,0,0,0,0,0,0,0,0,0,0,0,0,0
Trent Alexander Arnold,Liverpool,10,18,Knock,75,4,55,0,0,0,0,0,156,0,3,0,0,1,1,0,2,0,1,0,1,0,0,0,0,0,1,0,0,0,0,0,0,0,0,0
Trevoh Chalobah,Chelsea,3,13,Knee Injury,40,0,0,0,2,14,0,16,53,2,0,0,0,2,0,0,0,0,0,0,0,0,0,1,0,0,0,0,0,0,0,0,0,0,0,0
Tyler Roberts,Leeds United,1,0,Illness,16,0,0,0,0,0,0,0,16,0,0,0,0,0,0,0,1,0,0,0,0,0,0,0,0,0,0,0,0,0,0,0,0,0,0,0
Tyrick Mitchell,Crystal Palace,4,0,Knock,85,0,0,0,0,0,0,0,85,0,4,0,0,0,0,0,0,0,0,0,0,0,0,0,0,0,0,0,0,0,0,0,0,0,0,0
Tyrone Mings,Aston Villa,8,2,Knee Injury,4,27,0,7,2,0,3,51,633,5,1,0,0,2,2,0,0,0,1,0,1,0,0,0,0,0,0,1,0,0,0,0,0,0,0,0
Valentino Livramento,Southampton,1,0,Knock,0,0,0,0,0,0,0,0,0,0,1,0,0,0,0,0,0,0,0,0,0,0,0,0,0,0,0,0,0,0,0,0,0,0,0,0
Vicente Guaita,Crystal Palace,7,0,Calf Muscle Strain,0,20,16,0,0,0,0,14,136,1,1,0,0,1,1,0,0,1,0,0,0,1,1,0,0,0,0,0,0,0,0,0,0,0,0,1
Victor Lindelöf,Manchester United,11,5,Back Injury,19,14,20,0,0,0,0,0,66,0,1,0,0,0,0,0,1,1,0,1,7,0,0,0,0,0,0,0,0,0,0,0,0,0,0,0
Virgil van Dijk,Liverpool,13,13,Ankle/Foot Injury,283,3,28,0,0,0,0,15,567,3,2,1,3,1,0,0,3,1,0,0,0,0,0,0,0,0,0,1,0,0,0,0,0,0,0,0
Vitaly Janelt,Brentford,2,12,Thigh Muscle Rupture,0,0,0,0,0,0,0,0,24,0,0,0,0,0,0,0,0,1,0,0,0,0,0,1,0,0,0,0,0,0,0,0,0,0,0,0
Vladimír Coufal,West Ham United,1,9,Groin/Pelvis Injury,0,0,0,7,0,0,0,7,9,1,0,0,0,0,0,1,0,0,0,0,0,0,0,0,0,0,0,0,0,0,0,0,0,0,0,0
Vontae Daley Campbell,Leicester City,1,16,Illness,0,0,0,0,0,0,0,0,16,0,0,0,0,0,0,0,1,0,0,0,0,0,0,0,0,0,0,0,0,0,0,0,0,0,0,0
Wayne Robert Hennessey,Burnley,11,5,Knock,169,0,31,0,0,0,0,0,317,0,4,0,1,0,2,0,0,0,0,0,3,0,0,0,0,0,0,0,0,1,0,0,0,0,0,0
Wesley Fofana,Leicester City,6,0,Knee Injury,45,75,0,0,0,12,0,12,270,2,0,0,0,4,1,0,0,0,0,0,0,0,0,0,0,0,0,0,0,0,0,0,0,0,0,0
Wilfred Ndidi,Leicester City,9,33,Hamstring,86,47,2,0,0,0,0,17,190,2,0,3,0,3,2,1,0,0,0,0,0,0,0,0,0,0,0,0,0,0,0,0,0,0,0,0
Wilfried Zaha,Crystal Palace,21,0,Knock,60,11,50,2,0,0,10,32,270,5,4,3,2,3,2,2,0,1,1,1,0,0,0,0,2,0,0,0,0,0,0,0,0,0,0,0
Will Hughes,Crystal Palace,8,26,Hamstring,0,45,47,0,0,0,0,24,225,4,2,2,0,0,0,1,0,0,0,0,1,1,0,0,0,0,0,0,0,0,1,0,0,0,0,0
William Smallbone,Southampton,3,0,Knee Injury,46,9,0,0,0,0,0,0,315,0,0,0,0,1,0,0,1,0,0,0,0,0,0,1,0,0,0,0,0,0,0,0,0,0,0,0
William Troost Ekong,Watford,2,0,Groin Strain,0,0,0,0,0,0,0,7,14,1,1,0,0,0,0,0,0,0,0,1,0,0,0,0,0,0,0,0,0,0,0,0,0,0,0,0
Willy Arnaud Zobo Boly,Wolverhampton …,7,19,Knock,81,88,0,0,0,13,15,28,264,2,3,0,1,0,2,0,0,0,0,0,0,1,0,0,0,0,0,0,0,0,0,0,0,0,0,0
Willy Caballero,Southampton,1,0,Sprained Ankle,0,0,0,0,0,0,0,0,13,0,0,0,0,0,0,0,0,0,0,0,0,0,0,0,0,0,0,0,0,0,0,1,0,0,0,0
Winston Wiremu Reid,West Ham United,27,64,Hamstring,0,76,0,0,0,0,0,21,1067,3,3,7,1,4,0,1,0,0,0,2,1,3,2,0,0,0,0,0,0,0,1,0,0,0,0,0
Yan Valery,Southampton,4,0,Knock,13,101,8,0,0,0,0,0,122,0,4,0,0,0,0,0,0,0,0,0,0,0,0,0,0,0,0,0,0,0,0,0,0,0,0,0
Yerry Mina,Everton,14,57,Knock,39,54,136,0,0,0,0,0,375,0,3,1,0,1,2,2,0,0,2,0,0,0,0,1,0,0,2,0,0,0,0,0,0,0,0,0
Yerson Mosquera Valdelamar,Wolverhampton …,2,0,Hip/Thigh Injury,0,0,0,0,0,0,0,0,187,0,0,0,0,0,0,0,0,1,0,0,0,1,0,0,0,0,0,0,0,0,0,0,0,0,0,0
Yoane Wissa,Brentford,1,41,Ankle Fracture,0,0,0,0,0,0,0,0,41,0,0,0,0,0,0,0,0,0,0,0,0,0,0,0,0,0,0,0,0,0,0,0,0,0,0,0
Youri Tielemans,Leicester City,3,21,Back Injury,0,0,0,0,0,0,4,14,65,3,0,0,0,1,0,0,0,0,0,0,1,0,1,0,0,0,0,0,0,0,0,0,0,0,0,0
Yves Bissouma,Brighton & Hov…,5,25,Hip/Thigh Injury,0,0,22,10,27,0,0,51,170,5,1,0,0,1,1,0,0,0,0,0,0,1,0,0,1,0,0,0,0,0,0,0,0,0,0,0
Zack Steffen,Manchester City,3,14,Knee Injury,0,80,0,0,0,0,0,0,240,0,0,0,0,1,0,0,0,1,0,0,0,0,0,0,0,0,0,0,0,1,0,0,0,0,0,0
Çağlar Söyüncü,Leicester City,4,0,Groin/Pelvis Injury,95,0,17,0,0,14,0,14,134,1,1,0,0,0,0,1,0,1,0,0,0,0,0,1,0,0,0,0,0,0,0,0,0,0,0,0
İlkay Gündoğan,Manchester City,15,30,Knock,37,5,46,0,0,4,0,4,378,1,5,1,1,3,0,0,1,1,0,1,0,0,0,0,1,0,1,0,0,0,0,0,0,0,0,0
Łukasz Fabiański,West Ham United,10,0,Thigh Muscle Strain,16,106,4,0,0,0,0,7,523,1,0,0,1,1,2,1,1,0,0,0,0,1,0,0,1,0,0,0,0,0,0,0,1,0,0,0
