Name,Number of Inj,inj22,Freq Inj,inj days 20-21,inj days 19-20,inj days 18-19,Sus days 22,sus days 20-21,sus days 19-20,sus days 18-19,Career Suspension days,Career INJ days,Suspended,Knock,Hamstring,Ankle/Foot Injury,Knee Injury,Thigh Muscle Strain,Groin/Pelvis Injury,Illness,Virus,Calf/Shin Injury,Groin Strain,Back Injury,Hip/Thigh Injury,Calf Muscle Strain,Thigh Muscle Rupture,Shoulder Injury,Head Injury,Foot Injury,ACL Knee Ligament Injury,Ankle Ligaments,MCL Knee Ligament Injury,Concussion,Sprained Ankle,Rib Injury,Toe Injury,Achilles tendonitis,Thumb / Wrist Injury
Aaron Connolly,6,21,26,97,13,0,0,0,0,0,0,131,0,0,0,1,0,1,0,0,0,1,1,0,0,0,2,0,0,0,0,0,0,0,0,0,0,0,0
Aaron Cresswell,26,6,23,33,35,87,0,0,0,0,29,365,2,7,3,1,2,2,2,0,0,1,1,3,0,0,0,0,1,1,0,0,1,0,0,0,0,0,0
Aaron Lennon,21,19,17,0,19,175,0,0,0,0,0,721,0,3,5,1,1,1,0,3,0,0,2,1,0,0,0,0,0,0,0,0,0,0,0,0,0,0,0
Aaron Ramsdale,2,0,23,0,11,0,0,0,0,0,0,11,0,1,0,0,0,0,0,0,1,0,0,0,0,0,0,0,0,0,0,0,0,0,0,0,0,0,0
Aaron Wan Bissaka,9,5,23,10,39,43,0,0,0,11,11,97,2,3,1,1,0,0,0,0,0,0,0,2,0,0,0,1,0,0,0,0,0,0,0,0,0,0,0
Abdoulaye Doucouré,6,39,5,57,0,26,0,15,4,0,25,357,3,1,0,2,1,0,0,0,0,0,0,0,0,0,0,1,0,0,0,0,1,0,0,0,0,0,0
Adam Armstrong,1,0,12,0,0,0,0,0,0,0,0,29,0,0,0,0,0,0,0,0,0,0,0,0,0,1,0,0,0,0,0,0,0,0,0,0,0,0,0
Adam Forshaw,4,46,23,44,0,0,0,0,0,0,10,366,2,2,0,0,0,0,1,0,0,0,0,0,0,1,0,0,0,0,0,0,0,0,0,0,0,0,0
Adam Idah,1,0,7,0,34,0,0,0,0,0,0,34,0,0,0,0,0,0,0,0,0,0,0,1,0,0,0,0,0,0,0,0,0,0,0,0,0,0,0
Adam Lallana,26,11,15,67,0,144,0,0,0,0,0,650,0,7,0,0,2,3,1,0,0,1,8,0,0,1,2,0,0,0,0,0,0,0,0,0,0,1,0
Adam Masina,4,1,23,0,13,0,0,0,0,0,0,98,0,2,0,0,1,1,0,0,0,0,0,0,0,0,0,0,0,0,0,0,0,0,0,0,0,0,0
Adam Webster,7,55,16,64,30,0,0,0,0,0,5,149,2,0,0,1,0,1,2,0,0,1,0,0,0,0,1,0,0,0,0,1,0,0,0,0,0,0,0
Adama Traoré,11,0,5,5,30,2,0,0,0,0,118,185,6,2,2,3,0,0,0,0,0,0,0,0,0,0,0,3,0,0,0,0,0,0,0,0,0,0,0
Ademola Lookman,8,16,5,9,13,47,0,0,0,0,0,181,0,1,0,1,1,1,1,1,0,0,1,1,0,0,0,0,0,0,0,0,0,0,0,0,0,0,0
Adrián San Miguel del Castillo,3,0,5,0,1,0,0,0,0,0,35,71,2,0,0,1,0,0,0,0,0,1,0,0,0,1,0,0,0,0,0,0,0,0,0,0,0,0,0
Ainsley Maitland Niles,8,4,23,11,0,100,0,0,2,7,9,139,2,2,0,0,1,0,0,3,1,0,0,0,0,0,0,0,0,0,0,0,0,0,0,0,0,0,0
Albert Sambi Lokonga,1,9,29,0,0,0,0,0,7,0,7,9,1,0,0,0,0,0,0,0,1,0,0,0,0,0,0,0,0,0,0,0,0,0,0,0,0,0,0
Alex Iwobi,9,21,27,0,40,25,0,0,0,0,0,138,0,1,0,1,0,5,1,1,0,0,0,0,0,0,0,0,0,0,0,0,0,0,0,0,0,0,0
Alex Král,1,14,29,0,0,0,0,0,0,0,0,14,0,0,0,0,0,0,0,0,1,0,0,0,0,0,0,0,0,0,0,0,0,0,0,0,0,0,0
Alex McCarthy,8,0,17,16,9,52,0,0,0,0,0,528,0,2,2,0,0,1,0,0,1,1,0,0,0,0,0,1,0,0,0,0,0,0,0,0,0,0,0
Alex Oxlade Chamberlain,20,0,17,121,21,5,0,0,0,0,0,1001,0,4,5,2,5,0,1,0,0,0,1,0,1,0,0,0,0,0,0,0,1,0,0,0,0,0,0
Alex Telles,2,0,5,26,0,0,0,0,0,0,0,90,0,0,0,1,0,0,0,0,1,0,0,0,0,0,0,0,0,0,0,0,0,0,0,0,0,0,0
Alexandre Lacazette,14,0,17,20,48,19,0,0,0,0,28,274,5,0,4,1,1,2,1,0,0,0,1,1,2,0,0,0,1,0,0,0,0,0,0,0,0,0,0
Alexis Mac Allister,3,2,7,38,0,0,0,0,0,0,0,40,0,0,0,0,0,0,0,0,1,0,0,2,0,0,0,0,0,0,0,0,0,0,0,0,0,0,0
Alisson,5,0,12,39,146,0,0,0,4,0,4,185,1,1,1,0,0,0,0,0,0,0,0,0,1,1,0,1,0,0,0,0,0,0,0,0,0,0,0
Allan,4,11,16,72,0,0,0,0,0,0,0,83,0,0,0,0,0,2,2,0,0,0,0,0,0,0,0,0,0,0,0,0,0,0,0,0,0,0,0
Allan Saint Maximin,24,0,27,112,89,33,0,0,0,0,7,368,1,2,2,3,0,6,1,1,0,4,0,2,0,0,0,0,0,0,0,0,0,0,0,0,0,0,0
Alphonse Areola,5,0,1,0,0,15,0,0,0,0,0,72,0,0,0,1,1,0,0,0,0,0,0,1,0,0,0,0,0,0,0,0,0,0,0,0,0,0,0
Amad Diallo Traoré,1,47,27,0,0,0,0,0,0,0,0,47,0,0,0,0,0,1,0,0,0,0,0,0,0,0,0,0,0,0,0,0,0,0,0,0,0,0,0
Andreas Christensen,18,3,23,20,39,15,0,0,0,0,0,109,0,5,4,0,1,0,2,1,0,0,0,2,0,0,1,0,2,0,0,0,0,0,0,0,0,0,0
Andrew Omobamidele,2,7,7,0,0,0,0,0,0,0,0,29,0,1,0,0,0,0,0,0,0,0,0,1,0,0,0,0,0,0,0,0,0,0,0,0,0,0,0
Andrew Robertson,14,21,5,4,11,8,17,0,0,0,23,135,3,3,2,3,0,1,0,0,0,1,0,0,0,2,0,0,0,0,0,1,0,0,0,0,0,0,0
Andriy Yarmolenko,6,9,2,89,77,222,0,0,0,0,0,397,0,1,1,0,1,0,0,0,1,0,0,1,0,0,0,0,0,0,0,0,0,0,0,0,0,1,0
Andros Townsend,16,0,5,0,65,0,0,0,0,0,0,333,0,3,3,4,0,0,1,0,0,0,0,0,0,0,0,1,0,0,0,1,0,0,0,0,0,2,0
André Gomes,20,72,17,36,163,95,0,0,0,20,139,506,5,4,6,1,2,1,0,1,1,1,0,0,1,0,0,0,0,0,0,0,0,0,0,1,0,0,0
Angelo Ogbonna,12,12,22,91,12,0,0,0,0,0,0,316,0,0,1,1,4,0,1,2,0,0,0,0,1,0,0,0,1,0,0,0,0,0,0,0,0,0,0
Anthony Martial,24,13,23,10,60,69,0,28,0,0,28,399,1,7,3,2,3,3,0,1,0,1,1,0,1,0,0,0,1,0,0,0,0,0,1,0,0,0,0
Antonio Rüdiger,10,8,22,6,110,60,0,0,0,0,0,214,0,2,0,0,3,0,2,0,0,0,1,1,0,0,0,0,0,0,0,0,0,0,0,0,0,0,0
Anwar El Ghazi,9,13,15,0,9,0,0,0,0,0,7,99,1,0,0,1,1,1,0,1,1,0,2,0,0,0,0,0,0,0,0,1,0,0,0,0,0,1,0
Armando Broja,2,7,3,0,0,0,0,0,0,0,0,7,0,1,0,0,0,0,0,0,0,0,0,0,0,0,0,0,0,0,0,0,0,0,0,0,0,0,0
Arthur Masuaku,12,0,22,119,24,40,0,0,6,0,56,534,3,1,0,3,7,1,0,0,0,0,0,0,0,0,0,0,0,0,0,0,0,0,0,0,0,0,0
Ashley Barnes,9,0,16,73,28,0,0,0,0,0,75,525,4,2,1,0,0,0,4,0,0,0,0,0,0,0,1,1,0,0,0,0,0,0,0,0,0,0,0
Ashley Westwood,11,13,16,12,24,5,12,0,7,0,29,142,4,1,1,1,0,1,2,1,0,0,0,0,0,1,0,0,1,0,0,0,1,0,0,0,1,0,0
Ashley Young,22,10,5,0,0,5,0,0,8,15,40,643,6,5,2,5,3,0,2,0,0,0,1,0,0,1,0,1,0,0,0,0,0,0,0,0,1,0,1
Asmir Begović,5,0,5,0,0,13,0,0,0,0,0,84,0,1,0,1,1,0,0,0,0,0,0,0,0,0,0,0,0,0,0,0,0,0,0,0,0,0,1
Axel Tuanzebe,4,9,5,0,110,0,0,0,0,0,0,242,0,1,0,1,0,1,1,0,0,0,0,0,0,0,0,0,0,0,0,0,0,0,0,0,0,0,0
Aymeric Laporte,19,17,23,41,275,16,11,0,0,0,90,564,13,8,2,0,2,0,1,0,2,0,0,0,1,0,1,0,0,0,0,0,0,0,0,0,0,0,0
Ayoze Pérez,4,16,13,28,12,0,26,0,0,0,32,56,2,1,0,0,1,0,0,1,0,1,0,0,0,0,0,0,0,0,0,0,0,0,0,0,0,0,0
Bali Mumba,1,16,22,0,0,0,0,0,0,0,0,16,0,0,0,0,1,0,0,0,0,0,0,0,0,0,0,0,0,0,0,0,0,0,0,0,0,0,0
Ben Chilwell,15,0,5,3,29,25,0,0,0,0,0,253,0,1,0,4,3,2,2,1,0,0,0,1,0,0,0,0,0,0,0,0,0,0,0,0,0,0,0
Ben Davies,10,0,5,70,91,26,0,0,0,0,5,303,1,0,0,2,0,0,1,0,0,0,1,0,0,2,0,0,1,0,0,1,0,0,0,0,0,0,0
Ben Foster,8,22,5,0,0,0,0,0,0,0,0,566,0,0,0,2,1,0,2,0,0,0,0,0,1,1,0,0,0,0,1,0,0,0,0,0,0,0,0
Ben Gibson,3,0,16,0,188,89,8,0,0,0,34,277,4,0,0,0,0,0,3,0,0,0,0,0,0,0,0,0,0,0,0,0,0,0,0,0,0,0,0
Ben Godfrey,6,35,16,11,44,0,0,0,21,0,21,90,2,0,1,0,1,0,2,0,1,0,0,0,0,0,0,0,1,0,0,0,0,0,0,0,0,0,0
Ben Johnson,2,20,13,0,0,7,0,0,0,0,0,27,0,0,1,0,0,0,0,0,0,1,0,0,0,0,0,0,0,0,0,0,0,0,0,0,0,0,0
Ben Mee,8,10,23,5,0,0,0,0,0,0,17,233,2,2,0,0,1,1,0,0,1,1,0,0,0,0,0,1,1,0,0,0,0,0,0,0,0,0,0
Ben White,1,15,23,0,0,0,0,4,0,0,4,15,1,1,0,0,0,0,0,0,0,0,0,0,0,0,0,0,0,0,0,0,0,0,0,0,0,0,0
Benjamin Mendy,16,0,20,39,43,176,270,0,0,0,335,760,9,3,2,0,4,1,0,0,0,0,0,0,4,0,0,0,0,2,0,0,0,0,0,0,0,0,0
Bernardo Silva,6,3,23,19,0,17,0,0,11,0,23,62,3,3,0,1,0,1,0,0,0,0,0,0,1,0,0,0,0,0,0,0,0,0,0,0,0,0,0
Bernd Leno,2,7,20,0,0,0,0,4,0,0,4,74,1,0,0,0,1,0,0,0,0,0,0,0,1,0,0,0,0,0,0,0,0,0,0,0,0,0,0
Bertrand Traoré,9,108,27,31,0,0,0,0,0,0,7,234,1,1,0,0,1,3,0,0,0,0,0,0,1,0,1,0,0,0,0,0,0,0,0,0,0,0,0
Billy Gilmour,3,5,5,0,0,0,0,0,0,0,0,190,0,0,0,1,1,0,0,0,1,0,0,0,0,0,0,0,0,0,0,0,0,0,0,0,0,0,0
Boubakary Soumaré,1,0,5,0,7,0,0,0,12,0,12,7,2,0,0,1,0,0,0,0,0,0,0,0,0,0,0,0,0,0,0,0,0,0,0,0,0,0,0
Brandon Williams,2,0,19,22,4,0,0,0,0,0,0,26,0,1,0,0,0,0,0,0,0,0,0,0,0,0,0,0,1,0,0,0,0,0,0,0,0,0,0
Bruno André Cavaco Jordão,1,0,5,0,9,0,0,0,0,0,0,9,0,0,0,1,0,0,0,0,0,0,0,0,0,0,0,0,0,0,0,0,0,0,0,0,0,0,0
Bruno Fernandes,1,1,23,0,0,0,5,0,0,0,5,1,1,1,0,0,0,0,0,0,0,0,0,0,0,0,0,0,0,0,0,0,0,0,0,0,0,0,0
Bryan Gil Salvatierra,6,45,23,31,14,0,0,7,0,0,7,90,1,2,0,0,0,0,0,0,2,0,0,0,0,0,1,0,0,0,0,0,0,0,0,0,0,0,0
Bryan Mbeumo,2,3,13,0,0,0,0,0,0,0,0,10,0,0,0,0,0,0,0,0,0,1,0,0,0,0,1,0,0,0,0,0,0,0,0,0,0,0,0
Bukayo Saka,8,3,27,30,12,0,0,0,0,0,0,45,0,0,0,1,1,3,2,0,0,0,0,0,0,0,1,0,0,0,0,0,0,0,0,0,0,0,0
Callum Hudson Odoi,8,7,17,16,145,32,0,0,0,0,0,354,0,1,2,0,0,1,0,1,1,0,0,0,1,0,0,0,0,0,0,0,0,0,0,0,0,0,0
Callum Wilson,14,48,17,110,12,70,0,0,10,0,17,720,2,0,6,0,1,1,0,0,0,1,0,0,0,0,2,0,1,0,2,0,0,0,0,0,0,0,0
Calum Chambers,12,0,23,5,0,22,0,0,5,0,25,536,3,4,0,2,0,0,0,1,1,0,1,0,1,0,0,1,0,0,1,0,0,0,0,0,0,0,0
Caoimhín Kelleher,1,0,23,83,0,0,0,0,0,0,0,83,0,1,0,0,0,0,0,0,0,0,0,0,0,0,0,0,0,0,0,0,0,0,0,0,0,0,0
Carney Chukwuemeka,1,17,16,0,0,0,0,0,0,0,0,17,0,0,0,0,0,0,1,0,0,0,0,0,0,0,0,0,0,0,0,0,0,0,0,0,0,0,0
Cenk Tosun,6,0,22,35,40,0,0,0,0,0,0,440,0,0,0,0,2,1,1,0,1,0,0,0,0,0,0,0,0,0,1,0,0,0,0,0,0,0,0
Charlie Cresswell,1,0,24,0,0,0,0,0,0,0,0,3,0,0,0,0,0,0,0,0,0,0,0,0,0,0,0,1,0,0,0,0,0,0,0,0,0,0,0
Charlie Goode,1,0,26,0,0,0,0,0,0,0,0,12,0,0,0,0,0,0,0,0,0,0,0,0,0,0,1,0,0,0,0,0,0,0,0,0,0,0,0
Charlie Taylor,8,0,27,73,30,0,0,0,0,0,0,170,0,1,0,0,0,6,0,0,0,0,0,0,0,0,0,0,0,0,0,0,0,0,0,1,0,0,0
Che Adams,4,24,16,28,0,0,0,0,0,0,33,52,2,1,0,0,0,0,1,0,0,0,0,0,0,0,1,0,1,0,0,0,0,0,0,0,0,0,0
Cheikhou Kouyaté,18,0,23,3,15,36,0,0,0,0,5,310,1,6,2,4,1,0,0,1,0,0,1,0,0,0,0,0,1,0,0,0,0,1,0,0,0,0,0
Chris Wood,14,0,27,30,70,7,0,0,0,0,0,229,0,1,3,1,0,4,0,1,0,2,0,0,0,0,0,0,0,0,0,0,1,0,0,0,0,0,0
Christian Benteke,17,0,22,25,49,144,0,2,14,0,51,565,4,1,1,2,5,1,1,0,1,0,0,0,2,0,0,1,0,0,0,0,0,0,0,0,0,1,0
Christian Kabasele,9,51,23,0,11,22,0,0,25,14,45,362,4,4,3,1,0,0,0,0,0,0,0,0,0,0,0,1,0,0,0,0,0,0,0,0,0,0,0
Christian Nørgaard,1,2,7,0,0,0,3,0,14,0,17,2,2,0,0,0,0,0,0,0,0,0,0,1,0,0,0,0,0,0,0,0,0,0,0,0,0,0,0
Christian Pulisic,11,117,13,92,169,53,0,0,0,0,0,431,0,1,2,1,0,1,2,0,1,2,0,0,0,0,1,0,0,0,0,0,0,0,0,0,0,0,0
Christoph Zimmermann,5,0,5,0,130,0,0,0,0,0,0,290,0,0,1,2,1,1,0,0,0,0,0,0,0,0,0,0,0,0,0,0,0,0,0,0,0,0,0
Christos Tzolis,2,29,13,0,0,0,0,0,0,0,0,29,0,0,0,0,0,0,0,0,1,1,0,0,0,0,0,0,0,0,0,0,0,0,0,0,0,0,0
Ciaran Clark,20,0,5,43,32,91,3,0,0,0,23,620,5,3,0,5,5,1,0,1,1,2,0,0,0,1,0,1,0,0,0,0,0,0,0,0,0,0,0
Cole Palmer,1,0,29,19,0,0,0,0,0,0,0,19,0,0,0,0,0,0,0,0,1,0,0,0,0,0,0,0,0,0,0,0,0,0,0,0,0,0,0
Connor Roberts,2,42,16,0,0,0,0,0,0,0,0,67,0,0,0,0,0,0,1,1,0,0,0,0,0,0,0,0,0,0,0,0,0,0,0,0,0,0,0
Conor Coady,1,0,29,19,0,0,0,0,0,0,16,19,3,0,0,0,0,0,0,0,1,0,0,0,0,0,0,0,0,0,0,0,0,0,0,0,0,0,0
Conor Gallagher,1,0,23,0,0,0,0,13,0,0,13,6,1,1,0,0,0,0,0,0,0,0,0,0,0,0,0,0,0,0,0,0,0,0,0,0,0,0,0
Craig Cathcart,11,0,22,0,31,0,0,0,0,0,0,484,0,1,0,0,4,1,0,0,0,1,1,1,0,0,0,0,1,0,0,0,0,0,0,0,0,0,0
Craig Dawson,7,0,19,0,19,0,0,7,0,0,24,141,3,0,0,1,2,0,0,0,0,0,0,0,0,0,0,0,2,0,0,0,0,1,0,0,0,0,0
Cristian Romero,4,19,22,0,0,0,0,0,0,0,0,66,0,1,0,0,2,1,0,0,0,0,0,0,0,0,0,0,0,0,0,0,0,0,0,0,0,0,0
Cristiano Ronaldo,12,0,22,0,0,0,0,0,0,0,72,142,4,3,2,1,3,1,0,0,1,0,0,1,0,0,0,0,0,0,0,0,0,0,0,0,0,0,0
Curtis Jones,4,25,19,14,0,0,0,0,0,0,0,96,0,1,0,0,0,0,1,0,0,0,0,0,0,0,0,0,2,0,0,0,0,0,0,0,0,0,0
Cédric Soares,11,0,5,31,202,16,0,0,0,0,0,352,0,1,1,2,1,0,0,1,1,1,1,0,0,2,0,0,0,0,0,0,0,0,0,0,0,0,0
César Azpilicueta,4,3,17,42,2,0,0,0,0,0,24,54,2,0,2,0,0,1,0,0,0,0,0,0,0,0,0,1,0,0,0,0,0,0,0,0,0,0,0
Dale Stephens,10,0,23,48,26,34,0,0,8,24,54,365,6,3,2,0,0,2,0,1,0,0,0,0,0,0,0,0,0,0,0,0,1,0,0,0,0,0,0
Dan Burn,6,21,26,24,36,0,0,0,0,0,26,222,4,1,0,0,1,0,0,0,0,0,0,0,0,0,2,1,0,0,0,0,1,0,0,0,0,0,0
Dan Gosling,13,37,22,0,0,72,0,0,0,0,16,975,1,1,1,0,6,0,1,1,0,2,0,0,0,0,0,0,0,0,0,0,1,0,0,0,0,0,0
Dane Scarlett,2,17,5,0,0,0,0,0,0,0,0,42,0,0,0,1,0,0,0,0,1,0,0,0,0,0,0,0,0,0,0,0,0,0,0,0,0,0,0
Daniel Amartey,5,16,5,75,0,0,0,0,0,0,0,759,0,0,2,2,0,0,0,1,0,0,0,0,0,0,0,0,0,0,0,0,0,0,0,0,0,0,0
Daniel Bachmann,2,12,17,0,28,0,0,0,0,0,0,40,0,0,1,0,1,0,0,0,0,0,0,0,0,0,0,0,0,0,0,0,0,0,0,0,0,0,0
Daniel James,6,0,23,22,13,0,0,0,0,0,0,55,0,4,0,1,0,0,1,0,0,0,0,0,0,0,0,0,0,0,0,0,0,0,0,0,0,0,0
Daniel Podence,5,12,15,88,0,0,0,0,0,0,0,210,0,1,0,0,0,0,0,0,0,1,2,0,0,0,0,1,0,0,0,0,0,0,0,0,0,0,0
Danny Ings,15,34,17,106,0,105,0,0,0,0,0,713,0,4,5,0,3,1,0,0,1,0,0,0,0,0,0,0,0,0,1,0,0,0,0,0,0,0,0
Danny Rose,29,0,5,0,37,79,0,0,7,0,139,796,4,4,5,5,5,0,0,1,0,0,1,1,0,3,0,0,0,0,1,0,0,0,0,1,0,0,1
Danny Ward,3,0,23,0,0,3,0,0,0,0,0,44,0,2,0,0,0,0,0,0,0,0,0,1,0,0,0,0,0,0,0,0,0,0,0,0,0,0,0
Danny Welbeck,27,109,22,54,103,203,0,0,0,0,0,1471,0,2,5,2,10,1,0,1,0,0,3,0,1,1,1,0,0,0,0,0,0,0,0,0,0,0,0
Darren Randolph,4,0,15,99,0,0,0,0,0,0,3,109,1,1,0,0,1,1,0,0,0,0,1,0,0,0,0,0,0,0,0,0,0,0,0,0,0,0,0
David Edward Martin,1,0,27,0,25,0,0,0,0,0,0,25,0,0,0,0,0,1,0,0,0,0,0,0,0,0,0,0,0,0,0,0,0,0,0,0,0,0,0
David Raya,1,0,22,0,0,0,0,0,0,0,0,70,0,0,0,0,1,0,0,0,0,0,0,0,0,0,0,0,0,0,0,0,0,0,0,0,0,0,0
David de Gea,7,0,22,34,3,0,0,0,0,0,0,70,0,1,1,0,2,0,0,0,0,0,1,0,1,0,0,0,0,0,0,0,0,0,0,0,0,0,0
Davinson Sánchez,4,11,23,0,5,71,0,0,0,0,14,87,1,2,1,1,0,0,0,0,0,0,0,0,0,0,0,0,0,0,0,0,0,0,0,0,0,0,0
Dean Henderson,1,0,20,15,0,0,0,0,0,0,17,15,1,0,0,0,0,0,0,0,0,0,0,0,1,0,0,0,0,0,0,0,0,0,0,0,0,0,0
Declan Rice,3,9,22,42,0,13,2,0,0,0,2,64,1,0,0,0,1,0,0,2,0,0,0,0,0,0,0,0,0,0,0,0,0,0,0,0,0,0,0
Dele Alli,15,0,17,18,49,96,0,0,2,0,29,207,3,3,4,1,1,3,1,0,0,0,0,0,1,0,0,0,0,0,0,0,0,0,0,0,0,0,0
Demarai Gray,7,5,2,10,13,29,0,0,0,0,0,97,0,1,0,1,0,0,1,1,1,1,0,0,0,0,0,0,0,0,0,0,0,0,0,0,0,1,0
Diego Llorente,12,34,16,126,36,112,0,0,19,0,160,331,10,1,2,1,1,1,3,0,0,0,0,0,0,2,0,0,0,0,0,0,0,0,0,0,0,0,0
Dimitris Giannoulis,1,10,7,0,0,0,0,0,0,0,0,10,0,0,0,0,0,0,0,0,0,0,0,1,0,0,0,0,0,0,0,0,0,0,0,0,0,0,0
Diogo Dalot,6,0,23,0,127,50,0,0,0,0,0,258,0,3,0,0,0,0,1,0,0,0,1,0,0,0,0,0,0,0,0,0,0,0,0,0,0,0,0
Diogo Jota,10,5,23,85,45,55,0,0,0,0,0,190,0,5,1,1,1,0,0,0,0,1,0,0,0,0,0,0,0,1,0,0,0,0,0,0,0,0,0
Divock Origi,14,1,5,61,12,24,0,0,0,0,0,210,0,3,1,4,2,2,0,1,0,0,1,0,0,0,0,0,0,0,0,0,0,0,0,0,0,0,0
Dominic Calvert Lewin,9,33,5,42,0,29,0,0,0,0,0,307,0,1,1,2,0,2,1,0,0,0,0,1,0,0,1,0,0,0,0,0,0,0,0,0,0,0,0
Donny van de Beek,4,0,23,45,30,0,0,0,0,0,0,141,0,2,0,0,0,1,1,0,0,0,0,0,0,0,0,0,0,0,0,0,0,0,0,0,0,0,0
Douglas Luiz,6,41,17,0,0,63,0,6,0,8,14,109,2,1,4,0,0,0,0,0,1,0,0,0,0,0,0,0,0,0,0,0,0,0,0,0,0,0,0
Dwight Gayle,15,8,17,97,156,0,0,0,0,0,91,518,2,0,4,1,1,3,0,2,0,2,0,0,1,1,0,0,0,0,0,0,0,0,0,0,0,0,0
Dwight McNeil,5,0,23,21,21,0,0,0,0,0,0,42,0,2,1,0,0,1,1,0,0,0,0,0,0,0,0,0,0,0,0,0,0,0,0,0,0,0,0
Eberechi Eze,4,0,13,4,0,0,0,0,0,0,0,173,0,1,0,0,0,0,1,0,1,1,0,0,0,0,0,0,0,0,0,0,0,0,0,0,0,0,0
Eddie Nketiah,1,33,5,0,0,0,0,0,11,0,11,33,1,0,0,1,0,0,0,0,0,0,0,0,0,0,0,0,0,0,0,0,0,0,0,0,0,0,0
Ederson,6,1,23,16,28,0,0,0,2,0,2,47,1,2,0,0,0,0,0,2,1,0,0,0,0,0,0,0,0,0,0,0,0,0,0,0,0,0,0
Edinson Cavani,23,73,23,53,83,75,0,10,0,0,23,375,3,5,0,1,1,5,0,2,1,3,1,0,3,1,0,0,0,0,0,0,0,0,0,0,0,0,0
Edouard Mendy,3,0,18,3,19,0,0,0,0,0,0,64,0,0,0,0,0,1,0,0,0,0,0,0,0,0,0,0,0,0,0,0,0,0,0,0,0,0,0
Elliott Anderson,2,6,16,0,0,0,0,0,0,0,0,150,0,0,0,0,0,0,2,0,0,0,0,0,0,0,0,0,0,0,0,0,0,0,0,0,0,0,0
Emerson,2,15,23,14,0,0,0,6,10,0,16,29,4,1,0,0,0,0,0,0,1,0,0,0,0,0,0,0,0,0,0,0,0,0,0,0,0,0,0
Emi Buendía,5,10,5,0,12,0,0,0,0,13,414,78,4,1,0,1,1,1,1,0,0,0,0,0,0,0,0,0,0,0,0,0,0,0,0,0,0,0,0
Emil Krafth,6,3,5,6,149,0,0,0,0,0,0,210,0,1,0,2,0,1,0,0,0,1,0,0,1,0,0,0,0,0,0,0,0,0,0,0,0,0,0
Emile Smith Rowe,12,6,16,62,18,150,0,0,0,0,0,236,0,2,2,1,0,0,2,0,0,0,1,0,2,0,0,1,1,0,0,0,0,0,0,0,0,0,0
Emiliano Martínez,1,0,16,2,0,0,0,0,0,0,0,2,0,0,0,0,0,0,1,0,0,0,0,0,0,0,0,0,0,0,0,0,0,0,0,0,0,0,0
Emmanuel Dennis,3,6,5,40,0,0,7,0,7,14,28,46,3,1,0,2,0,0,0,0,0,0,0,0,0,0,0,0,0,0,0,0,0,0,0,0,0,0,0
Enock Mwepu,3,41,23,0,0,0,0,0,0,0,0,41,0,2,0,0,0,0,1,0,0,0,0,0,0,0,0,0,0,0,0,0,0,0,0,0,0,0,0
Eric Bailly,24,28,23,81,5,132,0,0,0,0,21,620,3,9,1,0,4,1,0,0,1,0,2,1,0,0,0,3,1,0,0,0,0,0,0,0,0,0,0
Eric Dier,13,0,27,12,18,111,0,0,12,0,25,167,2,0,1,0,1,2,1,1,1,0,0,0,1,1,0,0,0,0,0,0,0,1,0,0,0,0,0
Erik Pieters,18,0,23,55,1,0,0,0,0,0,28,427,2,3,2,1,0,2,0,1,0,2,2,0,0,1,0,0,0,0,0,0,0,0,0,0,0,0,1
Ethan Pinnock,2,5,5,0,0,0,0,0,0,0,0,5,0,0,0,1,0,0,0,0,0,0,1,0,0,0,0,0,0,0,0,0,0,0,0,0,0,0,0
Ezri Konsa,4,12,27,12,17,0,18,0,0,6,24,41,2,1,0,0,1,2,0,0,0,0,0,0,0,0,0,0,0,0,0,0,0,0,0,0,0,0,0
Fabian Delph,33,70,23,137,94,75,0,0,7,19,85,1335,10,9,4,2,5,2,2,3,0,2,0,0,0,1,0,1,0,0,0,0,0,0,0,0,0,1,0
Fabian Schär,16,6,23,111,57,23,0,17,0,4,49,280,5,4,2,0,2,1,0,0,1,1,0,0,1,0,0,1,0,0,0,0,0,1,0,0,0,0,0
Fabinho,11,30,23,53,50,22,0,0,0,0,64,181,10,3,2,1,2,0,0,1,1,0,0,0,0,0,0,0,1,0,0,0,0,0,0,0,0,0,0
Federico Fernández,13,0,13,88,0,35,0,0,0,0,13,267,2,2,1,1,0,1,0,0,1,2,1,0,1,1,1,0,0,0,0,0,0,0,0,0,0,0,0
Fernandinho,15,0,23,41,9,94,0,0,10,0,75,204,7,11,1,0,1,2,0,0,0,0,0,0,0,0,0,0,0,0,0,0,0,0,0,0,0,0,0
Fernando Marçal,17,35,12,167,53,36,0,0,21,11,41,462,6,2,1,0,0,2,3,0,1,4,0,0,0,4,0,0,0,0,0,0,0,0,0,0,0,0,0
Ferrán Torres,3,0,17,11,4,0,0,0,0,8,8,95,1,0,1,0,0,0,0,0,1,0,0,0,0,0,0,0,0,0,0,0,0,0,0,0,0,0,0
Filip Benković,2,0,16,35,0,0,0,0,0,0,0,53,0,0,0,0,0,0,1,1,0,0,0,0,0,0,0,0,0,0,0,0,0,0,0,0,0,0,0
Francisco Sierralta,2,32,17,0,0,0,0,0,0,0,0,71,0,0,1,0,0,1,0,0,0,0,0,0,0,0,0,0,0,0,0,0,0,0,0,0,0,0,0
Francisco Trincão,1,7,29,0,0,0,0,0,0,0,0,7,0,0,0,0,0,0,0,0,1,0,0,0,0,0,0,0,0,0,0,0,0,0,0,0,0,0,0
Fraser Forster,3,21,1,0,0,0,0,0,0,0,0,321,0,1,0,0,1,0,0,0,0,0,0,0,0,0,0,0,0,0,0,0,0,0,0,0,0,0,0
Fred,2,4,5,0,0,0,0,0,0,0,0,4,0,0,0,1,0,0,0,0,0,0,0,0,0,0,1,0,0,0,0,0,0,0,0,0,0,0,0
Freddie Woodman,1,54,23,0,0,0,0,0,0,0,0,54,0,1,0,0,0,0,0,0,0,0,0,0,0,0,0,0,0,0,0,0,0,0,0,0,0,0,0
Fábio Silva,1,0,29,0,0,0,0,0,0,0,0,18,0,0,0,0,0,0,0,0,1,0,0,0,0,0,0,0,0,0,0,0,0,0,0,0,0,0,0
Gabriel Dos Santos,4,15,22,20,0,0,15,3,6,0,24,89,3,0,0,0,1,1,0,0,1,0,0,0,0,0,0,0,0,0,0,0,0,0,0,0,0,0,0
Gabriel Jesus,12,6,23,53,32,23,0,0,0,0,0,250,0,4,2,0,1,0,0,1,1,0,1,0,0,0,0,0,0,0,0,0,1,0,0,0,0,0,0
Giovani Lo Celso,9,41,17,123,56,0,0,0,0,10,10,224,2,2,2,0,1,2,1,0,0,1,0,0,0,0,0,0,0,0,0,0,0,0,0,0,0,0,0
Granit Xhaka,10,89,15,15,27,44,26,13,0,4,83,179,7,0,0,1,0,0,1,1,1,0,2,1,1,0,0,0,0,0,0,0,0,1,0,0,0,0,0
Grant Hanley,10,18,16,0,106,0,0,0,0,0,55,396,4,1,0,1,1,1,2,1,1,0,1,0,0,0,0,1,0,0,0,0,0,0,0,0,0,0,0
Gylfi Þór Sigurðsson,9,0,23,3,31,0,0,0,0,0,18,155,1,2,1,1,1,1,1,0,0,1,0,0,0,0,0,1,0,0,0,0,0,0,0,0,0,0,0
Hakim Ziyech,12,9,12,73,34,35,0,0,0,0,31,160,4,1,1,1,1,0,0,1,0,2,0,0,1,2,0,1,0,0,0,0,1,0,0,0,0,0,0
Hamza Choudhury,1,15,21,0,0,0,0,0,7,0,14,15,2,0,0,0,0,0,0,1,0,0,0,0,0,0,0,0,0,0,0,0,0,0,0,0,0,0,0
Harry Kane,23,13,5,21,150,90,0,0,0,0,0,554,0,4,2,8,2,0,0,1,1,0,1,2,0,0,0,0,0,0,0,1,0,0,0,0,0,0,0
Harry Maguire,9,19,5,25,8,42,8,0,0,14,36,117,5,2,0,3,3,0,0,0,0,0,0,0,0,0,0,0,0,1,0,0,0,0,0,0,0,0,0
Harry Winks,10,0,5,6,8,83,0,0,2,0,2,430,1,1,0,5,0,0,1,1,0,0,0,0,1,0,0,0,0,0,0,1,0,0,0,0,0,0,0
Harvey Barnes,2,0,22,0,0,0,0,0,0,0,0,166,0,1,0,0,1,0,0,0,0,0,0,0,0,0,0,0,0,0,0,0,0,0,0,0,0,0,0
Harvey Elliott,2,13,5,0,0,0,0,0,0,0,0,126,0,1,0,1,0,0,0,0,0,0,0,0,0,0,0,0,0,0,0,0,0,0,0,0,0,0,0
Hugo Bueno López,1,1,26,0,0,0,0,0,0,0,0,1,0,0,0,0,0,0,0,0,0,0,0,0,0,0,1,0,0,0,0,0,0,0,0,0,0,0,0
Hugo Lloris,16,0,23,11,119,37,0,0,0,0,0,275,0,4,1,0,2,1,0,3,0,0,1,0,0,0,0,1,0,0,0,0,0,1,0,0,0,0,0
Hwang Hee chan,4,0,23,52,0,0,0,0,0,0,0,70,0,2,0,1,0,0,0,0,1,0,0,0,0,0,0,0,0,0,0,0,0,0,0,0,0,0,0
Hélder Costa,11,18,17,15,33,83,12,0,3,7,22,186,3,3,3,0,2,0,0,0,1,0,0,0,1,0,1,0,0,0,0,0,0,0,0,0,0,0,0
Ibrahima Diallo,4,5,23,35,44,0,0,0,0,0,0,84,0,2,0,1,0,1,0,0,0,0,0,0,0,0,0,0,0,0,0,0,0,0,0,0,0,0,0
Ibrahima Konaté,6,0,20,49,198,0,0,0,0,8,8,330,1,0,0,1,0,1,0,0,1,0,0,0,2,0,1,0,0,0,0,0,0,0,0,0,0,0,0
Illan Meslier,1,0,21,22,0,0,0,0,0,0,0,22,0,0,0,0,0,0,0,1,0,0,0,0,0,0,0,0,0,0,0,0,0,0,0,0,0,0,0
Imran Louza,0,0,30,0,0,0,0,28,0,0,28,0,2,0,0,0,0,0,0,0,0,0,0,0,0,0,0,0,0,0,0,0,0,0,0,0,0,0,0
Isaac Hayden,10,19,22,20,19,20,14,8,28,16,73,250,6,2,0,1,2,2,0,0,1,0,0,1,1,0,0,0,0,0,0,0,0,0,0,0,0,0,0
Ismaila Sarr,8,0,17,0,57,0,0,0,0,2,5,258,2,1,3,1,1,0,0,0,0,0,0,0,0,0,0,0,0,0,0,0,0,0,1,0,0,1,0
Issa Diop,7,0,7,41,0,0,0,0,14,0,49,117,9,2,0,0,0,0,0,2,0,0,0,2,0,0,0,0,1,0,0,0,0,0,0,0,0,0,0
Ivan Toney,2,19,5,0,0,0,0,0,36,7,81,40,7,0,0,1,0,0,0,0,1,0,0,0,0,0,0,0,0,0,0,0,0,0,0,0,0,0,0
Jack Butland,5,0,3,14,0,0,0,0,0,0,0,391,0,1,0,1,0,0,0,0,1,0,0,0,0,0,0,0,0,0,0,0,0,0,0,0,0,0,0
Jack Cork,12,0,5,31,32,10,0,0,0,0,0,406,0,2,1,5,1,0,1,1,0,0,0,0,0,0,0,1,0,0,0,0,0,0,0,0,0,0,0
Jack Grealish,8,17,5,81,28,0,0,0,0,0,27,199,3,1,1,2,0,0,0,0,0,2,0,0,0,0,0,0,0,1,0,0,0,0,0,0,0,0,0
Jack Stephens,3,75,22,0,0,12,0,0,0,0,30,96,3,0,0,0,2,0,0,0,1,0,0,0,0,0,0,0,0,0,0,0,0,0,0,0,0,0,0
Jaden Philogene Bidace,2,28,23,0,0,0,0,0,0,0,0,28,0,1,0,0,0,0,0,1,0,0,0,0,0,0,0,0,0,0,0,0,0,0,0,0,0,0,0
Jadon Sancho,8,6,23,58,3,2,0,0,0,0,0,69,0,5,0,0,0,1,0,0,0,0,0,0,0,0,1,0,0,0,0,0,0,0,0,0,0,0,0
Jamaal Lascelles,20,32,5,149,89,77,4,0,0,0,18,413,3,1,2,8,2,2,0,1,0,0,1,0,1,0,0,1,0,0,0,0,0,0,0,0,0,0,1
Jamal Lewis,7,0,22,6,22,0,0,0,0,0,0,82,0,0,1,0,2,1,0,0,0,0,0,0,0,0,0,0,0,0,0,0,0,0,0,0,0,0,0
James Justin,1,0,0,0,0,0,0,0,0,0,0,326,0,0,0,0,0,0,0,0,0,0,0,0,0,0,0,0,0,0,1,0,0,0,0,0,0,0,0
James Maddison,14,10,22,62,19,30,0,0,0,5,7,199,2,2,0,1,4,0,1,2,0,0,0,1,1,0,1,0,1,0,0,0,0,0,0,0,0,0,0
James McArthur,16,0,23,124,24,5,0,0,0,0,0,498,0,5,1,0,1,1,0,2,0,1,0,2,2,0,0,0,0,0,0,1,0,0,0,0,0,0,0
James Milner,31,59,17,57,77,47,0,0,0,0,24,370,3,8,9,0,3,2,0,1,0,3,1,1,1,1,0,0,1,0,0,0,0,0,0,0,0,0,0
James Tarkowski,9,0,15,13,0,42,12,0,0,0,38,192,6,3,0,0,0,0,1,0,0,0,3,0,0,0,0,0,0,0,0,0,0,0,0,0,1,0,0
James Tomkins,31,0,12,137,0,55,0,0,0,7,18,1172,3,5,4,3,2,2,1,2,0,0,2,0,1,6,0,0,0,0,0,0,0,0,0,0,0,0,0
James Ward Prowse,7,1,22,20,8,0,25,0,0,0,32,130,2,0,1,1,2,0,1,0,0,1,0,0,0,0,0,0,0,0,0,0,0,0,0,0,0,0,0
Jamie Shackleton,5,26,23,56,0,0,0,0,0,0,0,102,0,2,0,0,0,0,0,0,0,1,1,0,0,0,0,0,1,0,0,0,0,0,0,0,0,0,0
Jamie Vardy,25,1,15,46,24,39,0,0,0,16,51,176,6,0,2,1,0,2,4,1,0,3,7,0,1,1,1,0,1,0,0,0,0,0,0,0,0,0,0
Jan Bednarek,5,7,13,7,5,0,0,0,0,3,3,24,1,0,0,1,0,0,0,0,0,2,0,0,0,0,0,0,2,0,0,0,0,0,0,0,0,0,0
Jannik Vestergaard,10,43,15,47,32,83,0,0,0,0,0,205,0,2,0,0,2,0,0,3,0,0,2,0,0,0,0,0,1,0,0,0,0,0,0,0,0,0,0
Japhet Tanganga,5,0,4,86,26,0,3,0,0,0,3,198,1,0,0,0,0,1,0,0,0,0,0,1,0,0,1,1,0,0,0,1,0,0,0,0,0,0,0
Jarrad Branthwaite,1,0,5,44,0,0,0,0,0,0,0,44,0,0,0,1,0,0,0,0,0,0,0,0,0,0,0,0,0,0,0,0,0,0,0,0,0,0,0
Jarrod Bowen,1,0,23,0,2,0,0,0,0,0,0,2,0,1,0,0,0,0,0,0,0,0,0,0,0,0,0,0,0,0,0,0,0,0,0,0,0,0,0
Jason Steele,3,0,23,28,0,110,0,0,0,0,21,142,2,2,0,0,0,0,0,0,1,0,0,0,0,0,0,0,0,0,0,0,0,0,0,0,0,0,0
Javier Manquillo,10,3,23,54,59,25,6,0,0,0,6,225,1,3,0,2,0,1,0,0,2,0,0,0,0,1,0,0,0,0,0,0,0,0,0,0,0,0,0
Jay Rodriguez,18,14,5,45,27,0,0,0,0,0,0,822,0,3,0,4,2,2,0,1,1,1,0,0,0,0,1,0,0,0,1,0,0,1,0,0,0,0,1
Jaïro Riedewald,9,0,22,16,6,24,0,0,0,0,6,154,1,3,1,0,3,0,1,0,0,0,0,0,0,0,0,0,0,0,0,0,0,0,0,0,0,0,0
Jean Philippe Gbamin,7,17,27,46,239,26,0,0,0,0,16,660,2,1,0,0,1,2,0,0,1,0,0,0,1,0,0,0,0,0,0,0,0,0,0,0,0,0,0
Jean Philippe Mateta,2,0,22,0,0,1,0,0,70,0,70,137,1,0,0,0,1,0,0,1,0,0,0,0,0,0,0,0,0,0,0,0,0,0,0,0,0,0,0
Jed Steer,3,13,13,0,220,0,0,0,0,0,0,233,0,0,0,0,0,0,0,0,1,2,0,0,0,0,0,0,0,0,0,0,0,0,0,0,0,0,0
Jeff Hendrick,2,0,27,6,0,0,0,9,6,0,40,35,4,0,0,0,0,1,0,1,0,0,0,0,0,0,0,0,0,0,0,0,0,0,0,0,0,0,0
Jeffrey Schlupp,16,21,23,100,115,0,0,0,0,0,3,611,1,6,4,3,1,0,1,0,0,0,0,0,0,1,0,0,0,0,0,0,0,0,0,0,0,0,0
Jeremy Ngakia,1,0,21,0,0,0,0,0,0,0,0,19,0,0,0,0,0,0,0,1,0,0,0,0,0,0,0,0,0,0,0,0,0,0,0,0,0,0,0
Jeremy Sarmiento,1,0,26,0,0,0,0,0,0,0,0,33,0,0,0,0,0,0,0,0,0,0,0,0,0,0,1,0,0,0,0,0,0,0,0,0,0,0,0
Jesse Lingard,17,14,17,60,35,74,0,0,0,0,15,384,2,3,5,1,2,0,1,2,1,0,0,1,0,0,1,0,0,0,0,0,0,0,0,0,0,0,0
Joachim Andersen,4,23,5,16,0,0,0,0,0,0,13,79,2,0,0,1,0,1,0,1,0,0,0,0,0,0,0,1,0,0,0,0,0,0,0,0,0,0,0
Joe Gomez,10,40,5,258,1,129,0,0,0,0,0,879,0,2,0,3,2,0,0,0,0,1,0,0,0,0,0,0,0,0,1,0,0,0,0,0,0,1,0
Joe Rodon,1,32,23,0,0,0,0,0,0,0,0,32,0,1,0,0,0,0,0,0,0,0,0,0,0,0,0,0,0,0,0,0,0,0,0,0,0,0,0
Joe Willock,4,13,13,2,12,0,0,0,0,0,0,35,0,1,0,0,0,0,1,0,1,1,0,0,0,0,0,0,0,0,0,0,0,0,0,0,0,0,0
Joel Ward,13,0,23,46,54,23,5,0,0,0,5,322,1,5,0,1,2,0,1,0,0,1,1,0,0,1,0,0,0,0,0,0,0,0,0,0,0,0,0
Joelinton,9,0,5,14,23,55,0,0,0,0,0,92,0,2,0,2,1,1,1,0,0,1,0,0,0,0,0,0,0,0,0,0,0,0,0,0,0,0,0
John McGinn,2,5,5,0,166,0,0,4,0,17,21,171,3,0,0,1,0,0,0,0,0,0,0,0,0,0,0,0,1,0,0,0,0,0,0,0,0,0,0
John Ruddy,1,0,20,0,0,0,0,0,0,0,0,152,0,0,0,0,0,0,0,0,0,0,0,0,1,0,0,0,0,0,0,0,0,0,0,0,0,0,0
John Stones,22,13,23,10,97,38,0,0,0,0,0,407,0,6,2,3,2,2,1,1,0,0,2,0,0,0,0,0,0,1,0,1,0,1,0,0,0,0,0
Jonathan Castro Otto,4,0,22,183,103,25,0,0,0,0,54,602,8,0,0,1,2,0,0,0,0,0,0,0,0,0,0,0,0,0,0,0,0,0,0,0,0,0,0
Jonjo Shelvey,24,64,17,51,75,129,6,0,0,0,152,490,13,4,6,0,3,4,2,0,0,2,0,0,1,1,0,0,0,0,0,0,0,0,0,0,0,0,1
Jonjoe Kenny,4,0,4,29,18,42,0,0,7,0,7,89,1,1,0,1,0,0,0,0,1,0,0,0,0,0,0,0,0,0,0,1,0,0,0,0,0,0,0
Jonny Evans,52,63,5,63,6,30,0,3,0,2,58,736,5,8,7,9,3,3,2,2,1,4,0,4,4,1,1,0,0,1,0,0,0,0,0,0,1,0,0
Jordan Ayew,3,0,23,10,0,10,0,0,0,0,208,27,11,1,0,0,0,0,0,1,1,0,0,0,0,0,0,0,0,0,0,0,0,0,0,0,0,0,0
Jordan Henderson,28,20,5,102,20,42,0,0,0,8,30,607,2,3,3,5,2,2,2,2,0,1,1,0,1,1,0,0,0,1,0,0,1,0,0,0,0,0,0
Jordan Pickford,5,5,1,48,0,0,0,0,0,0,4,122,1,1,0,0,1,0,0,0,0,0,0,0,0,0,0,1,0,0,0,0,0,0,0,0,0,0,0
Jorginho,1,7,23,0,0,0,0,0,120,0,120,7,2,1,0,0,0,0,0,0,0,0,0,0,0,0,0,0,0,0,0,0,0,0,0,0,0,0,0
Josh Brownhill,4,5,5,27,0,0,0,0,0,4,4,35,1,1,0,1,0,1,0,0,1,0,0,0,0,0,0,0,0,0,0,0,0,0,0,0,0,0,0
Josh Sargent,4,14,7,0,30,0,0,15,0,0,15,44,1,0,1,0,0,0,1,0,0,0,0,1,1,0,0,0,0,0,0,0,0,0,0,0,0,0,0
Joshua King,27,9,17,9,173,43,0,0,0,0,0,367,0,1,11,5,1,0,1,1,0,0,0,4,0,1,0,0,0,0,0,0,0,1,0,0,0,0,0
João Cancelo,4,0,14,16,0,0,3,5,0,0,56,109,7,1,0,0,0,1,0,0,1,0,0,0,0,0,0,0,0,1,0,0,0,0,0,0,0,0,0
João Moutinho,14,0,5,33,0,0,0,3,0,0,9,219,2,2,0,2,0,2,1,0,0,0,1,0,2,0,0,0,0,0,0,0,0,0,2,0,0,0,0
João Pedro,1,43,22,0,0,0,0,0,0,0,0,43,0,0,0,0,1,0,0,0,0,0,0,0,0,0,0,0,0,0,0,0,0,0,0,0,0,0,0
Joël Matip,17,0,23,250,143,30,0,0,0,0,0,583,0,5,0,4,1,1,1,0,0,0,0,1,2,0,0,0,0,0,0,0,1,0,0,0,0,0,0
Joël Veltman,15,9,22,32,127,180,0,0,0,0,14,565,3,2,2,0,5,0,0,1,1,1,0,0,0,0,1,0,1,0,0,0,0,0,0,0,0,0,0
Juan Camilo Hernández Suárez,4,0,17,99,100,9,0,23,3,8,40,208,5,0,1,0,0,1,0,0,1,0,0,0,0,0,0,0,0,0,0,0,0,0,0,0,0,0,0
Juan Mata,3,0,16,43,0,19,0,0,0,0,7,91,1,1,1,0,0,0,1,0,0,0,0,0,0,0,0,0,0,0,0,0,0,0,0,0,0,0,0
Julian Jeanvier,5,0,22,209,0,0,0,0,21,0,21,424,1,0,0,0,3,0,0,0,0,0,0,0,1,0,0,0,0,0,1,0,0,0,0,0,0,0,0
Juraj Kucka,1,13,27,0,0,0,13,0,0,0,13,13,1,0,0,0,0,1,0,0,0,0,0,0,0,0,0,0,0,0,0,0,0,0,0,0,0,0,0
Jóhann Berg Guðmundsson,23,0,27,90,280,101,0,0,0,0,21,589,1,1,5,1,2,7,1,0,0,1,2,0,0,2,0,0,0,0,0,0,1,0,0,0,0,0,0
Jürgen Locadia,9,0,5,0,4,8,0,0,0,0,0,304,0,1,1,3,0,0,0,1,1,0,1,0,0,0,0,0,0,0,0,0,0,0,0,0,0,0,0
Kai Havertz,9,5,23,46,29,4,0,0,0,0,0,95,0,2,1,0,1,0,0,1,2,0,0,0,1,0,1,0,0,0,0,0,0,0,0,0,0,0,0
Kalvin Phillips,5,17,13,69,0,0,0,10,28,23,94,112,9,0,1,0,1,0,0,0,0,2,0,0,0,1,0,0,0,0,0,0,0,0,0,0,0,0,0
Karl Darlow,10,0,5,55,11,106,0,0,0,0,0,360,0,2,0,3,1,0,1,1,1,0,0,0,0,0,0,1,0,0,0,0,0,0,0,0,0,0,0
Kasper Schmeichel,6,0,5,0,0,0,0,0,0,0,0,258,0,0,0,1,1,1,0,0,0,0,0,0,0,0,0,0,0,0,0,0,0,1,0,0,0,0,0
Keinan Davis,5,82,27,37,115,0,0,0,0,0,0,234,0,0,0,1,1,2,0,0,1,0,0,0,0,0,0,0,0,0,0,0,0,0,0,0,0,0,0
Kelechi Iheanacho,7,16,28,0,4,0,0,0,0,0,0,69,0,0,0,0,0,0,1,2,0,0,0,0,0,0,0,0,1,0,0,0,0,0,0,0,2,0,0
Ken Sema,1,39,22,0,0,0,0,0,0,0,0,39,0,0,0,0,1,0,0,0,0,0,0,0,0,0,0,0,0,0,0,0,0,0,0,0,0,0,0
Kenny McLean,1,0,7,0,6,0,0,0,0,0,0,6,0,0,0,0,0,0,0,0,0,0,0,1,0,0,0,0,0,0,0,0,0,0,0,0,0,0,0
Kepa Arrizabalaga,5,0,17,25,0,3,0,0,0,0,0,154,0,0,2,0,0,1,0,0,0,0,0,0,0,0,0,1,0,0,0,0,0,0,0,0,1,0,0
Kevin De Bruyne,19,48,17,63,23,159,0,0,0,0,0,377,0,3,4,3,3,0,0,0,1,1,1,1,0,0,0,0,0,0,0,0,0,0,0,0,0,0,0
Kevin Long,7,0,22,12,30,0,0,0,0,0,28,655,3,1,0,1,2,0,0,0,0,1,0,0,1,0,0,0,0,0,1,0,0,0,0,0,0,0,0
Kieran Dowell,1,7,21,0,0,0,0,0,0,0,0,7,0,0,0,0,0,0,0,1,0,0,0,0,0,0,0,0,0,0,0,0,0,0,0,0,0,0,0
Kieran Tierney,8,18,16,87,139,0,0,0,0,0,0,244,0,1,0,1,2,0,2,0,1,0,0,0,0,0,0,1,0,0,0,0,0,0,0,0,0,0,0
Kiko Femenía,14,25,23,0,60,53,0,0,0,0,20,260,2,6,4,0,0,1,1,1,0,0,0,0,0,0,0,0,1,0,0,0,0,0,0,0,0,0,0
Kjell Scherpen,1,0,5,0,0,0,0,0,0,0,0,56,0,0,0,1,0,0,0,0,0,0,0,0,0,0,0,0,0,0,0,0,0,0,0,0,0,0,0
Kortney Hause,4,0,5,166,21,0,0,0,0,0,0,187,0,0,0,2,0,0,1,0,0,0,0,0,0,0,0,0,0,0,0,0,0,0,0,1,0,0,0
Kostas Tsimikas,3,0,20,94,0,0,0,0,0,0,0,94,0,0,0,0,1,0,0,0,1,0,0,0,1,0,0,0,0,0,0,0,0,0,0,0,0,0,0
Kristoffer Ajer,2,5,3,0,0,0,0,0,0,0,0,77,0,0,0,0,0,0,0,0,0,0,0,0,0,0,1,0,0,0,0,0,0,0,0,0,0,0,0
Kurt Zouma,14,0,22,5,0,0,2,0,0,17,87,368,3,3,2,1,4,0,0,1,0,0,0,0,0,0,0,0,0,0,1,0,0,0,2,0,0,0,0
Kwadwo Kyeremeh Baah,1,0,5,0,0,0,0,0,0,0,0,104,0,0,0,1,0,0,0,0,0,0,0,0,0,0,0,0,0,0,0,0,0,0,0,0,0,0,0
Kyle Walker,13,2,23,15,18,6,0,0,0,0,12,355,3,4,0,3,0,0,3,1,1,0,0,0,1,0,0,0,0,0,0,0,0,0,0,0,0,0,0
Kyle Walker Peters,6,0,17,38,34,0,0,0,0,0,0,103,0,1,2,0,0,2,0,0,0,1,0,0,0,0,0,0,0,0,0,0,0,0,0,0,0,0,0
Leander Dendoncker,3,0,23,26,0,29,0,0,0,0,19,55,3,3,0,0,0,0,0,0,0,0,0,0,0,0,0,0,0,0,0,0,0,0,0,0,0,0,0
Leandro Trossard,4,9,16,25,47,0,0,0,0,0,0,85,0,0,1,0,0,0,2,0,0,0,0,0,0,0,0,0,0,0,0,0,0,0,0,0,0,0,0
Lee Grant,2,0,23,0,137,0,0,0,0,0,0,186,0,1,0,0,0,0,0,0,0,0,0,0,0,0,0,0,0,0,0,0,0,0,0,0,0,0,1
Leon Bailey,7,58,17,32,54,40,0,6,57,0,75,217,5,2,2,0,0,2,0,0,0,0,0,0,0,0,1,0,0,0,0,0,0,0,0,0,0,0,0
Lewis Dunk,3,0,5,0,0,26,0,28,13,4,116,79,14,1,0,1,1,0,0,0,0,0,0,0,0,0,0,0,0,0,0,0,0,0,0,0,0,0,0
Liam Cooper,8,0,16,106,11,0,0,21,0,0,98,168,6,1,1,1,0,0,2,0,0,1,0,1,0,0,0,0,0,0,0,0,0,0,0,0,0,0,0
Loris Karius,3,0,10,14,13,0,0,0,0,0,0,69,0,1,0,0,0,1,0,0,0,0,0,0,0,0,0,0,0,0,0,0,0,0,0,0,0,0,0
Lucas Digne,13,2,22,46,33,20,0,7,0,0,18,185,3,1,2,0,3,1,1,1,0,1,0,0,0,0,0,0,0,1,0,1,0,0,1,0,0,0,0
Lucas Moura,14,20,23,8,2,24,0,0,0,0,6,186,1,4,0,1,1,0,0,1,1,0,1,1,0,0,0,0,0,0,0,0,0,0,3,1,0,0,0
Luka Milivojević,5,28,23,23,8,0,0,28,23,0,54,61,5,2,0,0,1,0,0,0,2,0,0,0,0,0,0,0,0,0,0,0,0,0,0,0,0,0,0
Lukas Rupp,3,0,5,0,0,0,0,0,0,0,0,508,0,0,0,1,0,0,0,0,1,0,0,0,0,0,0,0,0,0,0,0,1,0,0,0,0,0,0
Luke Ayling,1,77,22,0,0,0,0,0,0,14,40,77,3,0,0,0,1,0,0,0,0,0,0,0,0,0,0,0,0,0,0,0,0,0,0,0,0,0,0
Luke Shaw,29,36,5,32,89,56,0,0,0,31,34,915,3,6,4,6,1,1,0,2,0,1,2,0,0,0,0,0,1,0,0,1,0,2,0,0,0,0,0
Lyanco,1,0,29,0,0,0,0,0,0,0,0,9,0,0,0,0,0,0,0,0,1,0,0,0,0,0,0,0,0,0,0,0,0,0,0,0,0,0,0
Mads Bech Sørensen,1,93,22,0,0,0,0,0,0,0,0,93,0,0,0,0,1,0,0,0,0,0,0,0,0,0,0,0,0,0,0,0,0,0,0,0,0,0,0
Mads Roerslev,1,0,29,0,0,0,0,0,0,0,0,17,0,0,0,0,0,0,0,0,1,0,0,0,0,0,0,0,0,0,0,0,0,0,0,0,0,0,0
Mahmoud Ahmed Ibrahim Hassan,2,0,19,52,0,0,0,0,16,0,16,295,1,0,0,0,1,0,0,0,0,0,0,0,0,0,0,0,1,0,0,0,0,0,0,0,0,0,0
Malang Sarr,4,0,7,0,55,4,0,0,0,0,2,71,1,0,0,0,0,0,0,0,0,0,0,2,0,0,0,0,0,0,0,1,0,0,0,0,0,0,0
Manuel Lanzini,16,1,27,55,55,19,0,0,0,0,7,632,2,2,1,1,3,4,1,0,0,0,1,0,0,0,0,1,0,0,1,0,0,0,0,1,0,0,0
Marc Albrighton,11,29,15,0,12,69,0,0,0,0,13,466,2,2,1,1,0,1,0,1,0,0,2,0,0,0,0,0,0,0,0,0,0,0,0,0,0,0,0
Marc Cucurella,0,0,30,0,0,0,0,7,7,4,24,0,4,0,0,0,0,0,0,0,0,0,0,0,0,0,0,0,0,0,0,0,0,0,0,0,0,0,0
Marcos Alonso,8,16,5,0,28,27,0,0,0,0,15,272,2,1,2,3,0,0,0,0,0,0,0,1,0,0,0,0,0,0,0,0,0,0,0,0,0,0,0
Marcus Bettinelli,1,0,22,0,0,119,0,0,0,0,8,119,1,0,0,0,1,0,0,0,0,0,0,0,0,0,0,0,0,0,0,0,0,0,0,0,0,0,0
Marcus Forss,0,0,30,0,0,0,0,0,7,0,7,0,1,0,0,0,0,0,0,0,0,0,0,0,0,0,0,0,0,0,0,0,0,0,0,0,0,0,0
Marcus Rashford,16,1,5,31,147,21,0,0,0,24,24,263,1,3,0,5,0,0,2,0,0,0,0,1,0,0,1,3,0,0,0,0,0,0,0,0,0,0,0
Mark Gillespie,0,0,30,0,0,0,0,0,0,0,11,0,2,0,0,0,0,0,0,0,0,0,0,0,0,0,0,0,0,0,0,0,0,0,0,0,0,0,0
Mark Noble,24,0,5,63,37,11,0,0,0,14,410,347,6,1,3,4,2,1,0,0,0,1,0,1,0,1,0,0,0,0,0,0,0,0,0,0,0,1,2
Martin Dúbravka,5,0,5,133,0,0,0,0,0,0,0,242,0,1,1,2,0,0,1,0,0,0,0,0,0,0,0,0,0,0,0,0,0,0,0,0,0,0,0
Martin Kelly,14,0,13,52,66,24,0,0,0,0,0,610,0,2,2,0,1,1,2,0,0,3,1,0,0,0,0,0,0,0,1,0,0,0,0,0,0,0,0
Martin Ødegaard,10,0,22,62,15,9,0,0,0,0,0,188,0,1,0,1,2,0,0,1,0,0,0,0,0,1,0,0,0,1,0,1,0,0,0,0,0,0,0
Martinelli,6,1,23,9,15,0,0,0,0,0,0,194,0,2,0,1,1,1,0,0,0,1,0,0,0,0,0,0,0,0,0,0,0,0,0,0,0,0,0
Marvelous Nakamba,3,7,16,0,0,0,0,0,0,7,36,132,4,0,1,0,1,0,1,0,0,0,0,0,0,0,0,0,0,0,0,0,0,0,0,0,0,0,0
Mason Greenwood,10,7,23,36,18,46,0,0,0,0,0,107,0,4,0,1,0,0,0,2,1,0,0,1,0,0,0,0,0,0,0,0,0,0,0,0,0,0,0
Mason Holgate,6,0,5,49,8,0,24,0,0,0,41,158,2,0,0,3,0,0,0,0,0,2,1,0,0,0,0,0,0,0,0,0,0,0,0,0,0,0,0
Mason Mount,3,7,5,0,4,0,0,0,0,0,0,11,0,1,0,2,0,0,0,0,0,0,0,0,0,0,0,0,0,0,0,0,0,0,0,0,0,0,0
Mateo Kovačić,17,50,23,36,116,33,0,3,4,0,13,320,3,6,0,1,1,3,0,0,1,3,0,0,0,0,0,1,0,0,0,0,0,0,1,0,0,0,0
Mateusz Klich,4,17,11,4,0,0,0,0,0,0,6,45,1,0,0,0,0,1,1,0,1,0,0,0,0,0,0,0,0,0,0,0,0,0,0,0,0,0,0
Mathias Jensen,3,16,17,0,0,76,0,0,0,0,0,138,0,1,1,0,0,1,0,0,0,0,0,0,0,0,0,0,0,0,0,0,0,0,0,0,0,0,0
Mathias Jørgensen,4,0,5,0,0,43,0,0,0,15,32,109,2,1,0,1,0,0,0,1,0,0,0,0,0,0,1,0,0,0,0,0,0,0,0,0,0,0,0
Mathias Normann,2,5,16,0,0,0,0,0,0,0,0,42,0,0,0,0,1,0,1,0,0,0,0,0,0,0,0,0,0,0,0,0,0,0,0,0,0,0,0
Matt Doherty,8,7,23,42,21,21,0,0,0,0,20,91,1,3,1,0,1,0,0,1,1,0,0,0,0,0,0,0,0,0,0,0,0,0,0,0,0,0,0
Matt Ritchie,11,0,23,65,135,18,4,0,0,5,16,255,3,3,1,0,1,2,0,0,1,1,0,0,0,0,0,1,0,0,0,1,0,0,0,0,0,0,0
Matt Targett,17,13,23,1,61,13,0,0,0,0,0,386,0,4,3,2,2,2,1,0,0,0,0,0,0,0,0,0,2,0,0,0,0,1,0,0,0,0,0
Matthew Lowton,9,0,23,24,128,27,0,0,0,4,12,373,2,3,0,1,2,0,0,0,1,0,0,0,1,0,0,0,0,0,0,0,0,0,0,0,1,0,0
Matty Cash,3,4,17,41,0,0,0,9,0,0,9,45,2,0,2,0,0,1,0,0,0,0,0,0,0,0,0,0,0,0,0,0,0,0,0,0,0,0,0
Matěj Vydra,7,24,7,33,29,0,0,0,0,0,0,135,0,0,2,0,0,1,1,0,0,0,0,2,1,0,0,0,0,0,0,0,0,0,0,0,0,0,0
Max Aarons,1,0,5,0,16,0,0,0,0,0,0,16,0,0,0,1,0,0,0,0,0,0,0,0,0,0,0,0,0,0,0,0,0,0,0,0,0,0,0
Maxwel Cornet,17,32,27,8,23,54,6,6,0,0,16,236,3,1,0,2,0,7,0,2,0,1,0,0,1,1,1,0,0,0,0,0,0,0,1,0,0,0,0
Michael Keane,10,5,19,13,3,35,0,0,0,0,0,196,0,1,0,1,0,1,0,1,0,1,0,0,0,0,0,0,2,1,0,0,0,0,0,0,0,0,0
Michael Olise,2,28,7,0,0,0,0,0,0,0,0,32,0,0,0,0,0,0,0,0,1,0,0,1,0,0,0,0,0,0,0,0,0,0,0,0,0,0,0
Michail Antonio,21,0,17,104,112,5,3,0,0,0,13,528,2,1,5,1,0,3,1,1,0,0,2,0,0,3,1,1,0,0,0,0,0,0,0,2,0,0,0
Miguel Almirón,8,0,17,24,30,40,0,0,0,0,0,94,0,2,2,1,1,1,1,0,0,0,0,0,0,0,0,0,0,0,0,0,0,0,0,0,0,0,0
Milot Rashica,12,2,5,93,39,0,0,0,0,0,0,214,0,2,1,2,2,1,1,0,1,0,2,0,0,0,0,0,0,0,0,0,0,0,0,0,0,0,0
Mohamed Elneny,5,24,27,12,0,29,0,0,0,0,0,86,0,0,0,0,0,2,0,1,1,0,0,0,0,0,0,0,0,0,0,1,0,0,0,0,0,0,0
Mohamed Elyounoussi,5,13,17,0,0,29,0,0,0,0,0,42,0,2,2,0,0,0,0,0,0,0,0,0,0,0,0,0,0,0,0,0,0,0,0,0,0,0,0
Mohamed Salah,9,0,5,11,27,12,0,0,0,0,0,87,0,0,1,2,1,0,1,0,1,0,1,0,0,0,0,1,1,0,0,0,0,0,0,0,0,0,0
Mohammed Salisu,4,0,17,51,20,0,12,0,0,0,12,225,2,2,2,0,0,0,0,0,0,0,0,0,0,0,0,0,0,0,0,0,0,0,0,0,0,0,0
Morgan Sanson,12,42,22,29,0,18,0,0,12,4,24,498,3,2,1,0,3,0,0,1,1,0,2,0,0,1,0,0,0,0,0,0,1,0,0,0,0,0,0
Moussa Djenepo,10,26,23,52,99,0,0,0,113,15,128,177,3,5,1,0,0,2,1,0,0,0,0,0,0,1,0,0,0,0,0,0,0,0,0,0,0,0,0
Moussa Sissoko,12,0,17,0,151,54,0,0,2,0,36,347,5,1,3,1,2,0,1,0,0,0,2,0,1,0,0,0,0,0,0,0,0,1,0,0,0,0,0
N'Golo Kanté,22,60,17,34,206,29,0,0,0,0,31,379,3,3,7,1,2,2,2,1,1,0,0,1,0,0,0,0,0,0,0,0,0,0,0,1,0,0,0
Naby Keïta,17,52,16,120,72,74,0,0,0,0,0,318,0,3,2,1,0,2,3,1,1,1,0,1,0,0,0,0,0,0,0,0,1,0,0,1,0,0,0
Nampalys Mendy,9,0,5,6,44,18,0,0,0,0,24,496,3,1,0,2,1,0,2,0,0,0,1,0,0,0,0,0,0,0,0,0,0,0,1,0,0,0,0
Nathan Aké,11,2,17,105,64,7,0,0,0,0,28,218,2,1,4,1,0,0,1,0,0,0,1,1,0,0,0,0,1,0,0,0,0,0,0,0,1,0,0
Nathan Collins,1,18,23,0,0,0,0,0,11,0,11,18,1,1,0,0,0,0,0,0,0,0,0,0,0,0,0,0,0,0,0,0,0,0,0,0,0,0,0
Nathan Ferguson,2,135,12,170,0,0,0,0,28,0,28,305,1,0,0,0,0,1,0,0,0,0,0,0,0,1,0,0,0,0,0,0,0,0,0,0,0,0,0
Nathan Redmond,11,0,5,80,128,4,0,0,0,0,3,272,1,3,0,3,0,1,1,0,0,0,0,0,2,0,1,0,0,0,0,0,0,0,0,0,0,0,0
Nathan Tella,3,0,23,30,32,0,0,0,0,0,0,63,0,2,0,0,0,0,0,0,1,0,0,0,0,0,0,0,0,0,0,0,0,0,0,0,0,0,0
Nathaniel Clyne,15,0,23,75,0,30,0,0,0,0,0,840,0,4,2,1,2,0,0,1,1,0,1,2,0,0,0,0,0,0,0,0,0,0,0,1,0,0,0
Nathaniel Phillips,3,0,7,19,0,0,0,0,0,0,0,56,0,0,0,0,0,0,0,0,0,0,0,1,0,0,1,0,1,0,0,0,0,0,0,0,0,0,0
Neal Maupay,5,5,22,7,5,0,0,14,0,0,27,298,3,0,0,0,1,1,0,0,0,0,0,0,0,0,0,1,0,0,0,0,1,0,1,0,0,0,0
Neco Williams,2,48,5,2,0,0,0,0,0,0,0,50,0,0,0,2,0,0,0,0,0,0,0,0,0,0,0,0,0,0,0,0,0,0,0,0,0,0,0
Nemanja Matić,12,12,23,0,52,52,0,0,2,7,28,196,6,6,0,1,0,0,0,2,0,0,0,0,0,1,0,0,1,0,0,0,0,0,0,0,0,0,0
Nick Pope,6,0,24,34,0,0,0,0,0,0,0,190,0,0,0,1,0,0,0,0,1,0,0,0,0,0,0,2,1,0,0,0,0,0,0,0,0,0,0
Nicolas Nkoulou,6,9,22,0,0,0,0,0,0,0,76,119,8,1,1,0,3,0,0,1,0,0,0,0,0,0,0,0,0,0,0,0,0,0,0,0,0,0,0
Nicolas Pépé,2,0,5,0,4,0,0,22,0,0,22,10,1,0,0,1,1,0,0,0,0,0,0,0,0,0,0,0,0,0,0,0,0,0,0,0,0,0,0
Nikola Vlašić,1,9,23,0,0,0,0,0,0,0,0,9,0,1,0,0,0,0,0,0,0,0,0,0,0,0,0,0,0,0,0,0,0,0,0,0,0,0,0
Nélson Semedo,3,0,12,6,33,0,0,0,0,0,0,72,0,1,1,0,0,0,0,0,0,0,0,0,0,1,0,0,0,0,0,0,0,0,0,0,0,0,0
Oghenekaro Etebo,9,0,17,33,12,0,0,0,0,17,17,307,1,3,3,0,0,1,0,0,1,0,0,0,0,0,1,0,0,0,0,0,0,0,0,0,0,0,0
Oleksandr Zinchenko,10,29,23,43,58,26,0,0,7,0,7,193,1,5,0,0,1,1,0,1,0,0,0,0,0,1,0,0,0,0,0,0,0,0,0,0,0,0,0
Oliver Skipp,2,14,16,0,0,0,14,0,0,0,14,14,1,0,0,0,0,0,1,0,1,0,0,0,0,0,0,0,0,0,0,0,0,0,0,0,0,0,0
Ollie Watkins,1,14,22,0,0,0,0,4,0,0,4,14,1,0,0,0,1,0,0,0,0,0,0,0,0,0,0,0,0,0,0,0,0,0,0,0,0,0,0
Oriol Romeu,7,0,13,121,0,0,7,7,0,0,40,396,6,0,2,1,0,0,0,0,0,2,0,0,0,0,0,0,0,0,1,0,0,0,0,0,0,0,0
Ozan Kabak,9,18,23,30,92,0,0,38,0,0,38,198,2,4,0,0,0,0,0,1,0,0,1,2,0,0,0,0,0,1,0,0,0,0,0,0,0,0,0
Ozan Tufan,2,1,23,11,0,0,0,0,0,0,0,12,0,1,0,0,0,0,0,0,1,0,0,0,0,0,0,0,0,0,0,0,0,0,0,0,0,0,0
Pablo Fornals,4,0,9,25,0,0,0,0,0,8,14,54,2,0,0,0,0,0,1,1,1,0,0,0,0,0,0,0,0,0,0,0,0,0,0,0,0,0,0
Pablo Marí,5,1,5,25,0,0,0,0,0,12,34,221,5,0,0,3,0,0,0,0,1,1,0,0,0,0,0,0,0,0,0,0,0,0,0,0,0,0,0
Pascal Groß,2,0,5,0,0,117,0,0,0,0,0,117,0,0,1,1,0,0,0,0,0,0,0,0,0,0,0,0,0,0,0,0,0,0,0,0,0,0,0
Pascal Struijk,2,0,23,4,0,0,31,0,0,0,31,37,2,2,0,0,0,0,0,0,0,0,0,0,0,0,0,0,0,0,0,0,0,0,0,0,0,0,0
Patrick Bamford,7,77,5,18,0,0,0,0,0,0,0,133,0,1,1,1,0,1,0,1,0,1,0,0,1,0,0,0,0,0,0,0,0,0,0,0,0,0,0
Patson Daka,1,0,27,0,0,0,0,0,0,0,0,8,0,0,0,0,0,1,0,0,0,0,0,0,0,0,0,0,0,0,0,0,0,0,0,0,0,0,0
Paul Dummett,19,0,17,111,177,96,0,0,0,0,0,905,0,0,11,0,1,2,1,1,0,1,0,0,1,0,1,0,0,0,0,0,0,0,0,0,0,0,0
Paul Pogba,20,0,23,72,276,27,27,0,0,0,48,572,4,6,2,4,0,3,0,1,1,0,0,1,0,0,0,0,0,2,0,0,0,0,0,0,0,0,0
Pedro Lomba Neto,5,0,22,51,25,0,0,0,0,0,0,221,0,1,0,0,2,1,0,0,0,1,0,0,0,0,0,0,0,0,0,0,0,0,0,0,0,0,0
Pelenda Joshua Tunga Dasilva,1,0,16,0,0,0,0,12,0,0,12,180,2,0,0,0,0,0,1,0,0,0,0,0,0,0,0,0,0,0,0,0,0,0,0,0,0,0,0
Phil Bardsley,23,9,23,53,25,77,0,0,0,0,43,440,3,5,3,4,2,1,1,2,1,0,0,1,1,1,0,0,0,0,0,0,0,0,0,0,0,0,0
Phil Jones,34,0,23,0,23,67,0,0,0,0,3,1440,1,10,1,7,4,0,1,3,0,1,0,1,1,0,0,0,0,0,0,0,1,1,0,0,1,0,0
Philip Foden,7,14,5,0,10,0,0,0,0,0,0,140,0,2,0,2,0,0,0,2,0,0,0,0,0,0,0,0,0,1,0,0,0,0,0,0,0,0,0
Pierre Emerick Aubameyang,11,6,23,39,7,28,23,0,27,0,50,88,4,3,0,0,0,0,0,3,1,1,0,0,2,0,0,0,0,0,0,0,0,0,0,0,0,0,0
Pierre Højbjerg,5,12,5,0,12,16,0,0,0,8,8,45,2,1,0,1,1,0,0,1,0,0,0,0,0,0,0,0,0,0,0,0,0,1,0,0,0,0,0
Pierre Lees Melou,6,5,4,35,0,61,0,6,5,4,40,146,6,0,1,0,0,1,1,1,0,0,0,0,0,0,0,0,0,0,0,1,0,0,0,0,0,0,0
Pontus Jansson,0,0,30,0,0,0,0,0,0,7,40,0,6,0,0,0,0,0,0,0,0,0,0,0,0,0,0,0,0,0,0,0,0,0,0,0,0,0,0
Przemysław Płacheta,1,63,29,0,0,0,0,0,0,0,0,63,0,0,0,0,0,0,0,0,1,0,0,0,0,0,0,0,0,0,0,0,0,0,0,0,0,0,0
Raheem Sterling,12,1,23,10,22,12,0,0,0,0,14,233,1,3,0,1,1,1,0,0,0,0,1,2,1,2,0,0,0,0,0,0,0,0,0,0,0,0,0
Raphael Dias Belloli,8,19,16,39,6,0,0,0,0,0,0,64,0,2,0,1,0,0,2,1,0,0,0,1,0,0,1,0,0,0,0,0,0,0,0,0,0,0,0
Raphaël Varane,20,67,17,32,6,11,0,0,0,7,15,461,2,2,6,0,4,2,2,0,2,0,0,1,0,1,0,0,0,0,0,0,0,0,0,0,0,0,0
Rayan Aït Nouri,12,8,23,56,81,19,0,0,0,0,0,193,0,3,0,0,0,0,2,1,1,0,2,0,0,0,0,0,1,0,0,1,0,0,0,0,0,0,0
Raúl Jiménez,3,0,19,182,0,6,4,0,0,0,4,193,1,1,0,0,0,0,0,0,0,0,0,0,0,0,0,0,1,0,0,0,0,0,1,0,0,0,0
Reece James,9,23,5,28,72,0,14,0,0,0,14,128,1,2,1,3,1,1,0,0,0,0,0,0,0,0,0,0,0,0,0,1,0,0,0,0,0,0,0
Ricardo Pereira,10,33,13,20,0,0,0,0,0,0,12,495,2,0,2,0,2,2,0,0,0,2,0,0,2,0,0,0,0,0,0,0,0,0,0,0,0,0,0
Richarlison,14,38,23,16,29,45,7,21,0,27,55,150,4,4,0,1,2,1,0,1,0,1,0,0,0,1,0,0,1,0,0,0,0,0,0,2,0,0,0
Rico Henry,2,2,23,0,0,0,0,0,0,0,0,14,0,1,0,0,0,0,0,0,0,0,0,0,0,0,1,0,0,0,0,0,0,0,0,0,0,0,0
Riyad Mahrez,1,0,23,0,0,0,0,0,0,0,0,2,0,1,0,0,0,0,0,0,0,0,0,0,0,0,0,0,0,0,0,0,0,0,0,0,0,0,0
Rob Elliot,8,0,27,0,0,213,0,0,0,0,7,489,1,1,0,0,2,3,1,0,0,0,0,0,0,0,0,0,0,0,1,0,0,0,0,0,0,0,0
Rob Holding,6,22,22,15,51,0,0,0,0,0,3,356,1,1,0,0,2,0,0,0,0,0,0,0,0,0,1,0,1,0,1,0,0,0,0,0,0,0,0
Robert Sánchez,0,0,30,0,0,0,14,0,0,0,14,0,1,0,0,0,0,0,0,0,0,0,0,0,0,0,0,0,0,0,0,0,0,0,0,0,0,0,0
Roberto Firmino,12,68,23,27,0,11,0,0,0,0,0,184,0,2,1,1,1,1,0,0,0,1,1,1,0,0,1,0,0,0,0,0,0,0,0,0,0,0,0
Robin Koch,10,124,7,118,21,52,0,0,0,0,0,315,0,1,0,1,1,0,1,1,0,0,0,3,0,0,0,0,1,0,1,0,0,0,0,0,0,0,0
Rodri,5,8,23,1,18,0,0,0,0,14,21,38,2,2,1,0,0,0,0,0,1,0,0,0,0,0,0,0,0,0,0,0,0,0,0,0,0,0,0
Rodrigo,15,10,23,98,43,19,0,0,3,3,147,431,7,3,2,1,2,0,1,0,1,0,0,0,0,0,0,0,0,1,1,0,1,0,0,0,0,0,0
Romain Perraud,1,0,16,0,15,0,0,0,0,0,0,15,0,0,0,0,0,0,1,0,0,0,0,0,0,0,0,0,0,0,0,0,0,0,0,0,0,0,0
Romain Saïss,6,0,23,35,26,0,0,0,8,0,38,81,5,4,1,0,0,0,0,0,1,0,0,0,0,0,0,0,0,0,0,0,0,0,0,0,0,0,0
Romelu Lukaku,20,53,17,0,0,59,0,0,0,0,2,235,1,1,4,2,1,0,0,0,2,0,1,1,0,0,0,0,1,2,0,1,1,0,0,0,1,0,0
Ross Barkley,17,0,17,58,56,8,0,0,0,0,0,582,0,3,3,2,2,0,0,1,0,0,1,1,0,1,0,0,0,0,0,0,0,0,0,0,0,0,0
Ruben Loftus Cheek,19,16,23,24,0,56,0,0,0,0,0,673,0,5,2,2,0,1,1,0,1,1,1,4,0,0,0,0,0,1,0,0,0,0,0,0,0,0,0
Ryan Bertrand,23,47,22,62,26,83,0,3,11,14,49,541,4,3,5,2,6,0,1,1,1,2,0,2,0,0,0,0,0,0,0,0,0,0,0,0,0,0,0
Ryan Fraser,21,11,23,123,28,28,0,6,0,0,6,241,1,7,6,2,0,0,2,1,0,0,0,2,0,0,1,0,0,0,0,0,0,0,0,0,0,0,0
Ryan Fredericks,12,45,16,98,146,87,0,0,12,0,26,376,2,2,0,1,0,2,4,0,1,1,0,0,0,0,0,1,0,0,0,0,0,0,0,0,0,0,0
Ryan Sessegnon,6,60,23,42,86,11,0,0,0,0,0,212,0,2,0,0,0,2,0,0,0,0,1,0,1,0,0,0,0,0,0,0,0,0,0,0,0,0,0
Rúben Dias,1,0,23,4,0,0,0,0,0,0,0,4,0,1,0,0,0,0,0,0,0,0,0,0,0,0,0,0,0,0,0,0,0,0,0,0,0,0,0
Rúben Neves,1,0,29,12,0,0,5,0,0,5,33,12,4,0,0,0,0,0,0,0,1,0,0,0,0,0,0,0,0,0,0,0,0,0,0,0,0,0,0
Sadio Mané,18,0,23,20,24,22,0,0,0,0,27,274,3,5,3,1,1,2,0,1,1,0,0,0,0,1,0,0,0,1,0,0,0,0,0,0,0,0,1
Salomón Rondón,9,8,17,0,0,33,0,0,0,0,14,93,1,2,3,0,0,1,0,0,0,0,0,1,0,0,1,0,0,0,0,0,0,0,0,0,0,0,0
Sam Byram,9,49,23,0,0,0,0,0,0,0,40,776,4,3,2,1,0,1,0,0,0,0,0,0,1,0,1,0,0,0,0,0,0,0,0,0,0,0,0
Saman Ghoddos,2,0,6,0,41,31,0,0,127,0,127,72,1,0,0,0,0,1,0,0,0,0,0,0,0,0,0,0,0,0,0,0,0,0,0,0,0,0,0
Saïd Benrahma,2,0,23,14,0,0,0,0,0,3,3,53,1,1,0,0,0,0,0,0,0,0,0,0,0,0,0,0,0,0,0,0,0,0,1,0,0,0,0
Saúl Ñíguez,6,0,17,20,0,17,0,3,16,13,76,96,10,1,2,1,0,0,0,0,0,0,0,0,0,0,0,0,0,0,0,0,0,0,0,0,0,0,0
Scott Carson,1,0,29,37,0,0,0,0,0,0,0,37,0,0,0,0,0,0,0,0,1,0,0,0,0,0,0,0,0,0,0,0,0,0,0,0,0,0,0
Scott McTominay,13,33,23,22,80,57,0,0,0,0,0,196,0,6,0,1,3,0,2,0,1,0,0,0,0,0,0,0,0,0,0,0,0,0,0,0,0,0,0
Sead Kolašinac,17,0,27,41,172,74,0,3,0,0,3,377,1,2,2,3,2,4,0,0,1,0,0,0,1,0,0,1,0,0,0,1,0,0,0,0,0,0,0
Sean Longstaff,4,0,5,0,161,89,0,0,29,0,29,250,1,1,0,1,0,1,0,0,0,0,0,0,0,0,0,0,0,0,0,0,0,0,0,0,0,0,0
Sergi Canós,1,2,23,0,0,0,6,0,0,0,23,2,2,1,0,0,0,0,0,0,0,0,0,0,0,0,0,0,0,0,0,0,0,0,0,0,0,0,0
Sergio Reguilón,8,12,23,46,0,30,0,0,13,0,13,88,1,5,1,1,0,0,0,0,0,0,0,0,0,0,0,0,0,0,0,0,0,0,0,0,1,0,0
Shandon Baptiste,1,46,24,0,0,0,0,0,0,4,4,46,1,0,0,0,0,0,0,0,0,0,0,0,0,0,0,1,0,0,0,0,0,0,0,0,0,0,0
Shane Duffy,4,0,13,0,35,0,11,0,0,18,35,37,4,0,0,0,0,0,1,0,1,2,0,0,0,0,0,0,0,0,0,0,0,0,0,0,0,0,0
Shane Long,28,16,22,0,17,93,0,0,0,0,0,457,0,4,4,3,5,0,1,0,1,2,0,0,2,0,0,0,1,1,0,1,0,0,0,0,1,0,0
Solly March,6,0,5,134,55,15,0,0,0,0,0,208,0,0,0,2,2,1,1,0,0,0,0,0,0,0,0,0,0,0,0,0,0,0,0,0,0,0,0
Son Heung min,8,24,8,22,43,1,0,0,11,0,116,186,3,0,1,1,0,1,0,0,1,2,0,0,0,0,0,0,0,0,0,0,0,0,0,0,0,0,0
Steven Alzate,3,76,5,18,0,0,0,0,0,0,0,164,0,0,0,1,0,0,1,1,0,0,0,0,0,0,0,0,0,0,0,0,0,0,0,0,0,0,0
Steven Bergwijn,9,29,5,20,115,12,0,0,0,0,7,235,1,2,1,4,1,0,0,0,0,1,0,0,0,0,0,0,0,0,0,0,0,0,0,0,0,0,0
Stuart Armstrong,15,84,13,50,58,37,0,0,0,0,0,229,0,3,2,0,0,1,1,0,1,3,0,0,0,1,0,0,0,0,0,0,0,1,0,0,0,0,0
Séamus Coleman,34,27,17,72,124,80,0,0,14,0,102,965,2,3,8,2,0,7,1,3,0,0,0,0,2,0,2,0,1,1,0,0,0,0,1,2,0,0,0
Takehiro Tomiyasu,2,6,13,0,0,0,0,0,0,0,0,11,0,0,0,0,0,0,0,0,1,1,0,0,0,0,0,0,0,0,0,0,0,0,0,0,0,0,0
Takumi Minamino,2,11,27,9,0,0,0,0,0,0,0,20,0,0,0,0,0,2,0,0,0,0,0,0,0,0,0,0,0,0,0,0,0,0,0,0,0,0,0
Tanguy Ndombele,10,20,23,14,85,17,0,0,0,0,0,146,0,4,1,0,0,0,3,0,1,0,0,0,0,0,0,0,0,0,0,0,0,1,0,0,0,0,0
Tariq Lamptey,4,37,17,185,0,0,0,7,0,0,7,222,1,1,1,0,0,1,0,0,0,0,0,0,1,0,0,0,0,0,0,0,0,0,0,0,0,0,0
Tariqe Fosu,1,0,22,0,0,0,0,0,0,21,21,60,1,0,0,0,1,0,0,0,0,0,0,0,0,0,0,0,0,0,0,0,0,0,0,0,0,0,0
Taylor Richards,1,12,7,0,0,0,0,0,0,0,0,12,0,0,0,0,0,0,0,0,0,0,0,1,0,0,0,0,0,0,0,0,0,0,0,0,0,0,0
Teemu Pukki,2,0,5,0,20,0,0,0,0,0,0,20,0,0,0,1,0,1,0,0,0,0,0,0,0,0,0,0,0,0,0,0,0,0,0,0,0,0,0
Theo Walcott,28,22,12,77,95,17,0,0,0,0,0,866,0,2,2,3,1,1,1,2,0,1,1,0,0,5,1,1,1,0,1,0,0,0,0,2,0,0,0
Thiago Alcántara,13,65,13,97,38,35,0,0,3,0,3,374,1,2,0,1,2,0,1,0,2,2,0,0,2,1,0,0,0,0,0,0,0,0,0,0,0,0,0
Thiago Silva,24,0,27,64,39,54,0,11,0,2,30,449,4,4,2,0,3,8,1,1,0,1,1,0,3,0,0,0,0,0,0,0,0,0,0,0,0,0,0
Thomas Partey,8,52,17,84,4,0,0,0,19,14,186,156,12,2,2,0,0,1,1,0,0,0,0,0,1,0,0,0,0,0,0,1,0,0,0,0,0,0,0
Tim Krul,11,0,5,0,38,0,0,0,0,0,0,540,0,1,0,2,1,0,0,0,1,0,0,1,0,0,0,1,0,0,1,0,0,0,0,0,0,0,0
Timo Werner,8,29,27,6,5,22,0,0,0,0,0,80,0,1,1,0,0,2,0,1,1,0,0,0,1,0,0,0,0,0,0,0,0,0,0,0,1,0,0
Timothy Castagne,4,1,27,72,0,0,0,0,0,0,4,143,1,0,0,0,0,2,0,0,0,0,0,0,0,0,1,0,0,0,0,0,0,0,0,0,0,0,0
Todd Cantwell,6,37,5,0,18,0,0,0,0,0,0,55,0,1,1,2,0,1,0,0,0,1,0,0,0,0,0,0,0,0,0,0,0,0,0,0,0,0,0
Tom Cleverley,20,5,5,0,115,40,0,0,0,0,10,759,2,3,3,4,2,0,0,1,0,3,0,0,0,1,0,0,1,0,0,0,0,0,0,0,0,1,0
Tom Davies,5,18,23,18,0,0,0,0,0,0,8,96,1,3,1,0,1,0,0,0,0,0,0,0,0,0,0,0,0,0,0,0,0,0,0,0,0,0,0
Tom Heaton,7,0,12,32,14,0,0,0,0,0,0,647,0,1,0,0,0,0,0,0,0,1,0,0,0,3,0,1,0,0,0,0,0,0,0,0,0,0,0
Tomáš Souček,1,0,15,0,10,0,0,0,0,0,0,10,0,0,0,0,0,0,0,0,0,0,1,0,0,0,0,0,0,0,0,0,0,0,0,0,0,0,0
Trent Alexander Arnold,10,18,23,75,4,55,0,0,0,0,0,156,0,3,0,0,1,1,0,2,0,1,0,1,0,0,0,0,0,1,0,0,0,0,0,0,0,0,0
Trevoh Chalobah,3,13,22,40,0,0,0,2,14,0,16,53,2,0,0,0,2,0,0,0,0,0,0,0,0,0,1,0,0,0,0,0,0,0,0,0,0,0,0
Tyler Roberts,1,0,21,16,0,0,0,0,0,0,0,16,0,0,0,0,0,0,0,1,0,0,0,0,0,0,0,0,0,0,0,0,0,0,0,0,0,0,0
Tyrick Mitchell,4,0,23,85,0,0,0,0,0,0,0,85,0,4,0,0,0,0,0,0,0,0,0,0,0,0,0,0,0,0,0,0,0,0,0,0,0,0,0
Tyrone Mings,8,2,22,4,27,0,7,2,0,3,51,633,5,1,0,0,2,2,0,0,0,1,0,1,0,0,0,0,0,0,1,0,0,0,0,0,0,0,0
Valentino Livramento,1,0,23,0,0,0,0,0,0,0,0,0,0,1,0,0,0,0,0,0,0,0,0,0,0,0,0,0,0,0,0,0,0,0,0,0,0,0,0
Vicente Guaita,7,0,12,0,20,16,0,0,0,0,14,136,1,1,0,0,1,1,0,0,1,0,0,0,1,1,0,0,0,0,0,0,0,0,0,0,0,0,1
Victor Lindelöf,11,5,7,19,14,20,0,0,0,0,0,66,0,1,0,0,0,0,0,1,1,0,1,7,0,0,0,0,0,0,0,0,0,0,0,0,0,0,0
Virgil van Dijk,13,13,5,283,3,28,0,0,0,0,15,567,3,2,1,3,1,0,0,3,1,0,0,0,0,0,0,0,0,0,1,0,0,0,0,0,0,0,0
Vitaly Janelt,2,12,26,0,0,0,0,0,0,0,0,24,0,0,0,0,0,0,0,0,1,0,0,0,0,0,1,0,0,0,0,0,0,0,0,0,0,0,0
Vladimír Coufal,1,9,16,0,0,0,7,0,0,0,7,9,1,0,0,0,0,0,1,0,0,0,0,0,0,0,0,0,0,0,0,0,0,0,0,0,0,0,0
Vontae Daley Campbell,1,16,21,0,0,0,0,0,0,0,0,16,0,0,0,0,0,0,0,1,0,0,0,0,0,0,0,0,0,0,0,0,0,0,0,0,0,0,0
Wayne Robert Hennessey,11,5,23,169,0,31,0,0,0,0,0,317,0,4,0,1,0,2,0,0,0,0,0,3,0,0,0,0,0,0,0,0,1,0,0,0,0,0,0
Wesley Fofana,6,0,22,45,75,0,0,0,12,0,12,270,2,0,0,0,4,1,0,0,0,0,0,0,0,0,0,0,0,0,0,0,0,0,0,0,0,0,0
Wilfred Ndidi,9,33,17,86,47,2,0,0,0,0,17,190,2,0,3,0,3,2,1,0,0,0,0,0,0,0,0,0,0,0,0,0,0,0,0,0,0,0,0
Wilfried Zaha,21,0,23,60,11,50,2,0,0,10,32,270,5,4,3,2,3,2,2,0,1,1,1,0,0,0,0,2,0,0,0,0,0,0,0,0,0,0,0
Will Hughes,8,26,17,0,45,47,0,0,0,0,24,225,4,2,2,0,0,0,1,0,0,0,0,1,1,0,0,0,0,0,0,0,0,1,0,0,0,0,0
William Smallbone,3,0,22,46,9,0,0,0,0,0,0,315,0,0,0,0,1,0,0,1,0,0,0,0,0,0,1,0,0,0,0,0,0,0,0,0,0,0,0
William Troost Ekong,2,0,15,0,0,0,0,0,0,0,7,14,1,1,0,0,0,0,0,0,0,0,1,0,0,0,0,0,0,0,0,0,0,0,0,0,0,0,0
Willy Arnaud Zobo Boly,7,19,23,81,88,0,0,0,13,15,28,264,2,3,0,1,0,2,0,0,0,0,0,0,1,0,0,0,0,0,0,0,0,0,0,0,0,0,0
Willy Caballero,1,0,25,0,0,0,0,0,0,0,0,13,0,0,0,0,0,0,0,0,0,0,0,0,0,0,0,0,0,0,0,0,0,0,1,0,0,0,0
Winston Wiremu Reid,27,64,17,0,76,0,0,0,0,0,21,1067,3,3,7,1,4,0,1,0,0,0,2,1,3,2,0,0,0,0,0,0,0,1,0,0,0,0,0
Yan Valery,4,0,23,13,101,8,0,0,0,0,0,122,0,4,0,0,0,0,0,0,0,0,0,0,0,0,0,0,0,0,0,0,0,0,0,0,0,0,0
Yerry Mina,14,57,23,39,54,136,0,0,0,0,0,375,0,3,1,0,1,2,2,0,0,2,0,0,0,0,1,0,0,2,0,0,0,0,0,0,0,0,0
Yerson Mosquera Valdelamar,2,0,20,0,0,0,0,0,0,0,0,187,0,0,0,0,0,0,0,0,1,0,0,0,1,0,0,0,0,0,0,0,0,0,0,0,0,0,0
Yoane Wissa,1,41,3,0,0,0,0,0,0,0,0,41,0,0,0,0,0,0,0,0,0,0,0,0,0,0,0,0,0,0,0,0,0,0,0,0,0,0,0
Youri Tielemans,3,21,7,0,0,0,0,0,0,4,14,65,3,0,0,0,1,0,0,0,0,0,0,1,0,1,0,0,0,0,0,0,0,0,0,0,0,0,0
Yves Bissouma,5,25,20,0,0,22,10,27,0,0,51,170,5,1,0,0,1,1,0,0,0,0,0,0,1,0,0,1,0,0,0,0,0,0,0,0,0,0,0
Zack Steffen,3,14,22,0,80,0,0,0,0,0,0,240,0,0,0,0,1,0,0,0,1,0,0,0,0,0,0,0,0,0,0,0,1,0,0,0,0,0,0
Çağlar Söyüncü,4,0,16,95,0,17,0,0,14,0,14,134,1,1,0,0,0,0,1,0,1,0,0,0,0,0,1,0,0,0,0,0,0,0,0,0,0,0,0
İlkay Gündoğan,15,30,23,37,5,46,0,0,4,0,4,378,1,5,1,1,3,0,0,1,1,0,1,0,0,0,0,1,0,1,0,0,0,0,0,0,0,0,0
Łukasz Fabiański,10,0,27,16,106,4,0,0,0,0,7,523,1,0,0,1,1,2,1,1,0,0,0,0,1,0,0,1,0,0,0,0,0,0,0,1,0,0,0
